id,name,whostandard,natstandard,population,pm2023,pm2022,pm2021,pm2020,pm2019,pm2018,pm2017,pm2016,pm2015,pm2014,pm2013,pm2012,pm2011,pm2010,pm2009,pm2008,pm2007,pm2006,pm2005,pm2004,pm2003,pm2002,pm2001,pm2000,pm1999,pm1998,who2023,who2022,who2021,who2020,who2019,who2018,who2017,who2016,who2015,who2014,who2013,who2012,who2011,who2010,who2009,who2008,who2007,who2006,who2005,who2004,who2003,who2002,who2001,who2000,who1999,who1998,nat2023,nat2022,nat2021,nat2020,nat2019,nat2018,nat2017,nat2016,nat2015,nat2014,nat2013,nat2012,nat2011,nat2010,nat2009,nat2008,nat2007,nat2006,nat2005,nat2004,nat2003,nat2002,nat2001,nat2000,nat1999,nat1998
ABW,Aruba,5,,117524,5.5,4.8,4.4,4.9,5.1,4.6,5.1,4.9,4,4,4.4,4.9,5.2,6,4.4,4.9,4.8,4.9,5.6,4.5,4.9,4,4.3,3.9,4.9,3.9,0,0,0,0,0,0,0,0,0,0,0,0,0,0.1,0,0,0,0,0.1,0,0,0,0,0,0,0,,,,,,,,,,,,,,,,,,,,,,,,,,
AFG,Afghanistan,5,35,39227031,21,19.2,18.1,17.4,17.5,15.9,16.1,16.4,16.4,16.1,15.8,16.8,19,16.3,15,15.9,14.8,15.2,14.3,13.2,14.1,14.7,14.8,14.2,10.8,11,1.6,1.4,1.3,1.2,1.2,1.1,1.1,1.1,1.1,1.1,1.1,1.2,1.4,1.1,1,1.1,1,1,0.9,0.8,0.9,1,1,0.9,0.6,0.6,0,0,0,0,0,0,0,0,0,0,0,0,0,0,0,0,0,0,0,0,0,0,0,0,0,0
AGO,Angola,5,,35790062,23.3,23.3,19.1,19.3,22,19.8,18.6,20.9,21.4,19.9,22.1,22.2,24,26.7,21.7,24.3,22.7,18.8,23.7,20.7,20.1,20.9,24,18.4,15.4,17.9,1.8,1.8,1.4,1.4,1.7,1.5,1.3,1.6,1.6,1.5,1.7,1.7,1.9,2.1,1.6,1.9,1.7,1.4,1.8,1.5,1.5,1.6,1.9,1.3,1,1.3,,,,,,,,,,,,,,,,,,,,,,,,,,
AIA,Anguilla,5,,17455,2.2,1.8,2.3,2.2,2.1,2.1,2.4,2.3,2.1,2.1,1.9,2.6,2.2,3.4,2.4,2.3,2.6,3,3.1,2.2,2.5,2.4,3.3,2.9,3.4,2.8,0,0,0,0,0,0,0,0,0,0,0,0,0,0,0,0,0,0,0,0,0,0,0,0,0,0,,,,,,,,,,,,,,,,,,,,,,,,,,
ALA,Åland,5,,27453,3.8,3.6,4.2,3.9,4.1,4.4,3.4,3.7,3.9,5.9,4.4,4.7,5,5.7,5.3,5.7,5.4,7,6.2,5.8,5.7,5.9,5,5.5,7,6.6,0,0,0,0,0,0,0,0,0,0.1,0,0,0,0.1,0,0.1,0,0.2,0.1,0.1,0.1,0.1,0,0,0.2,0.2,,,,,,,,,,,,,,,,,,,,,,,,,,
ALB,Albania,5,10,3094125,10.7,11.5,10.2,11.9,11.9,12.5,13.4,11.9,14.4,11.4,12.7,15.1,17.8,10.3,12.5,12.9,15.9,16.9,14.7,13.2,17,14.7,14.1,15.7,13.3,15.4,0.6,0.6,0.5,0.7,0.7,0.7,0.8,0.7,0.9,0.6,0.8,1,1.3,0.5,0.7,0.8,1.1,1.2,1,0.8,1.2,1,0.9,1,0.8,1,0.1,0.1,0,0.2,0.2,0.2,0.3,0.2,0.4,0.1,0.3,0.5,0.8,0,0.2,0.3,0.6,0.7,0.5,0.3,0.7,0.5,0.4,0.6,0.3,0.5
AND,Andorra,5,25,85458,7.1,7.8,7.4,7,7,8.1,7.9,6.9,7.8,6.8,7.8,8.1,8.8,8.3,8.2,7.1,8.3,8.5,8.8,8.6,9.5,8.8,8.8,9.1,8,8.4,0.2,0.3,0.2,0.2,0.2,0.3,0.3,0.2,0.3,0.2,0.3,0.3,0.4,0.3,0.3,0.2,0.3,0.3,0.4,0.4,0.4,0.4,0.4,0.4,0.3,0.3,0,0,0,0,0,0,0,0,0,0,0,0,0,0,0,0,0,0,0,0,0,0,0,0,0,0
ARE,United Arab Emirates,5,,9852069,19.2,19,13.4,12,15.4,15.2,14.1,14.5,13.3,15,14.9,15.3,13.6,14.2,14.3,13.5,12,13.3,11.4,10.1,10.8,12.7,12.1,12.8,11.3,12.1,1.4,1.4,0.8,0.7,1,1,0.9,0.9,0.8,1,1,1,0.8,0.9,0.9,0.8,0.7,0.8,0.6,0.5,0.6,0.8,0.7,0.8,0.6,0.7,,,,,,,,,,,,,,,,,,,,,,,,,,
ARG,Argentina,5,,46642619,12.2,12,11.3,12.4,11.3,10.7,10.7,11.1,10.8,10.8,11,11,11.3,10.8,11.2,12.7,12.5,12.1,11.2,12,12.1,12.5,12.1,12.3,12.6,11,0.7,0.7,0.6,0.7,0.6,0.6,0.6,0.6,0.6,0.6,0.6,0.6,0.6,0.6,0.6,0.8,0.7,0.7,0.6,0.7,0.7,0.7,0.7,0.7,0.7,0.6,,,,,,,,,,,,,,,,,,,,,,,,,,
ARM,Armenia,5,,2997824,20.4,19.9,19.1,18.3,20.8,18.1,18.9,17,18.3,17.9,17,17.3,16.9,14.8,15.1,16.2,14.5,15.8,15.4,14.2,13.6,15.7,13.8,15.8,13.8,14.3,1.5,1.5,1.4,1.3,1.5,1.3,1.4,1.2,1.3,1.3,1.2,1.2,1.2,1,1,1.1,0.9,1.1,1,0.9,0.8,1,0.9,1.1,0.9,0.9,,,,,,,,,,,,,,,,,,,,,,,,,,
ASM,American Samoa,5,9,41675,1.2,1.2,0.9,1,1.1,1.2,1.2,1.1,1.4,1.1,1,1.1,1,1.1,1.2,1.1,1.3,1.3,1.4,1.1,1.2,1.3,1.1,1.1,0.9,0.8,0,0,0,0,0,0,0,0,0,0,0,0,0,0,0,0,0,0,0,0,0,0,0,0,0,0,0,0,0,0,0,0,0,0,0,0,0,0,0,0,0,0,0,0,0,0,0,0,0,0,0,0
ATF,French Southern Territories,5,,0,,,,,,,,,,,,,,,,,,,,,,,,,,,,,,,,,,,,,,,,,,,,,,,,,,,,,,,,,,,,,,,,,,,,,,,,,,,,,,
ATG,Antigua and Barbuda,5,,95536,2.6,2.3,2.8,2.6,2.7,2.6,2.8,2.9,2.5,2.3,2.2,2.9,2.8,3.6,3.1,2.7,2.8,3.3,3.3,2.6,2.7,2.5,3.2,2.9,3.2,2.9,0,0,0,0,0,0,0,0,0,0,0,0,0,0,0,0,0,0,0,0,0,0,0,0,0,0,,,,,,,,,,,,,,,,,,,,,,,,,,
AUS,Australia,5,8,26081701,3.7,3.3,3.3,4.5,7.1,3.6,3.7,3.5,3.8,4.1,3.8,3.4,3.4,3.3,4.5,3,3.5,4.4,3.2,3.5,4.9,4.2,3.9,3.5,3.5,3.4,0,0,0,0,0.2,0,0,0,0,0,0,0,0,0,0,0,0,0,0,0,0,0,0,0,0,0,0,0,0,0,0,0,0,0,0,0,0,0,0,0,0,0,0,0,0,0,0,0,0,0,0,0
AUT,Austria,5,10,8941790,8.7,9.2,9.5,9.4,9.8,12.4,11.8,11.7,12.3,12.1,14.2,13,15.3,15.1,14.2,12.8,13.2,18.2,17.8,15,17.1,17,15.6,14.5,15.1,15.5,0.4,0.4,0.4,0.4,0.5,0.7,0.7,0.7,0.7,0.7,0.9,0.8,1,1,0.9,0.8,0.8,1.3,1.3,1,1.2,1.2,1,0.9,1,1,0,0,0,0,0,0.2,0.2,0.2,0.2,0.2,0.4,0.3,0.5,0.5,0.4,0.3,0.3,0.8,0.8,0.5,0.7,0.7,0.5,0.4,0.5,0.5
AZE,Azerbaijan,5,,10522398,12.5,11.7,11.5,10.9,12.3,9.8,12.3,10.8,10.7,11.2,10.6,12.3,11.3,11,11,11.3,11.3,11.9,11.6,10.6,10.9,11.6,10.9,13,14.3,14.4,0.7,0.7,0.6,0.6,0.7,0.5,0.7,0.6,0.6,0.6,0.5,0.7,0.6,0.6,0.6,0.6,0.6,0.7,0.6,0.5,0.6,0.6,0.6,0.8,0.9,0.9,,,,,,,,,,,,,,,,,,,,,,,,,,
BDI,Burundi,5,,13164249,29.3,35.2,34.2,36,36.3,32.8,31.2,37.9,38.5,36.5,38.7,39,36.2,35.3,31.3,35.2,37,29.7,34.7,34.8,31.5,32.7,38.4,33.2,20,27.1,2.4,3,2.9,3,3.1,2.7,2.6,3.2,3.3,3.1,3.3,3.3,3.1,3,2.6,3,3.1,2.4,2.9,2.9,2.6,2.7,3.3,2.8,1.5,2.2,,,,,,,,,,,,,,,,,,,,,,,,,,
BEL,Belgium,5,10,11912972,7.6,8.4,9.4,7.8,9.3,10.9,10.6,11,11,11.6,14.4,13.6,15.3,16,16.1,15.3,16.4,14.3,12.9,13.4,15.3,13.2,12.6,13.1,14.1,15.3,0.3,0.3,0.4,0.3,0.4,0.6,0.5,0.6,0.6,0.6,0.9,0.8,1,1.1,1.1,1,1.1,0.9,0.8,0.8,1,0.8,0.7,0.8,0.9,1,0,0,0,0,0,0.1,0.1,0.1,0.1,0.2,0.4,0.4,0.5,0.6,0.6,0.5,0.6,0.4,0.3,0.3,0.5,0.3,0.3,0.3,0.4,0.5
BEN,Benin,5,,14200626,16.4,17,16.3,17.8,17,16.7,17.7,17.7,17.7,15.5,15.7,16.8,17.9,18.6,17.9,19.7,18.5,17.1,19.5,19.1,17.1,17.1,17.1,16.4,14.1,15.8,1.1,1.2,1.1,1.3,1.2,1.1,1.2,1.2,1.2,1,1,1.2,1.3,1.3,1.3,1.4,1.3,1.2,1.4,1.4,1.2,1.2,1.2,1.1,0.9,1.1,,,,,,,,,,,,,,,,,,,,,,,,,,
BES,"Bonaire, Sint Eustatius and Saba",5,,23335,4.1,3.7,3.5,3.8,3.8,3.5,3.9,4.1,3.2,3.3,3.4,3.9,4,5.3,3.6,3.9,3.8,4,4.4,3.5,3.8,3.2,3.7,3.5,3.9,3.3,0,0,0,0,0,0,0,0,0,0,0,0,0,0,0,0,0,0,0,0,0,0,0,0,0,0,,,,,,,,,,,,,,,,,,,,,,,,,,
BFA,Burkina Faso,5,,22462928,8.2,8.2,8.6,8.2,8.5,8.8,8.9,8.7,9.6,9.1,8.2,9.4,9.5,10.9,9.5,8.8,9.1,8.7,9.5,9.3,8.5,7.4,7.3,8.1,7,7.9,0.3,0.3,0.4,0.3,0.3,0.4,0.4,0.4,0.5,0.4,0.3,0.4,0.4,0.6,0.4,0.4,0.4,0.4,0.4,0.4,0.3,0.2,0.2,0.3,0.2,0.3,,,,,,,,,,,,,,,,,,,,,,,,,,
BGD,Bangladesh,5,35,166842937,60.8,55.5,64.3,63.4,59,69.7,56.1,57,58.4,60.4,57.1,62,58.7,59.6,60.9,53.8,51.9,53.4,49.3,45,46,43.4,43.6,42.8,37.6,36.6,5.5,4.9,5.8,5.7,5.3,6.3,5,5.1,5.2,5.4,5.1,5.6,5.3,5.4,5.5,4.8,4.6,4.7,4.3,3.9,4,3.8,3.8,3.7,3.2,3.1,2.5,2,2.9,2.8,2.4,3.4,2.1,2.2,2.3,2.5,2.2,2.6,2.3,2.4,2.5,1.8,1.7,1.8,1.4,1,1.1,0.8,0.8,0.8,0.3,0.2
BGR,Bulgaria,5,10,6822013,14.6,15,13.7,15.7,17.4,18.6,18.7,17.4,18,20,19.3,22.8,28,17.5,20.4,22.3,24.2,26.8,23,21.3,24.5,23.7,23.5,23.3,21.4,24.3,0.9,1,0.9,1,1.2,1.3,1.3,1.2,1.3,1.5,1.4,1.7,2.3,1.2,1.5,1.7,1.9,2.1,1.8,1.6,1.9,1.8,1.8,1.8,1.6,1.9,0.5,0.5,0.4,0.6,0.7,0.8,0.9,0.7,0.8,1,0.9,1.3,1.8,0.7,1,1.2,1.4,1.6,1.3,1.1,1.4,1.3,1.3,1.3,1.1,1.4
BHR,Bahrain,5,25,1392583,21,21.6,18.2,16.8,19.9,20.6,21.4,18.1,18.8,18.9,18.4,19.9,17.8,19.3,19.1,17.2,14.9,15.5,13.4,12.9,13.8,14.3,13,16.1,14.5,14.4,1.6,1.6,1.3,1.2,1.5,1.5,1.6,1.3,1.4,1.4,1.3,1.5,1.3,1.4,1.4,1.2,1,1,0.8,0.8,0.9,0.9,0.8,1.1,0.9,0.9,0,0,0,0,0,0,0,0,0,0,0,0,0,0,0,0,0,0,0,0,0,0,0,0,0,0
BHS,Bahamas,5,,381566,3.7,3.1,3.3,2.9,3.1,3,3.4,3.2,2.8,3.1,2.9,3.5,4.1,4.1,3.6,3.3,4.2,4.7,4.6,4.3,4.1,4.1,4.3,4.5,5.4,6.7,0,0,0,0,0,0,0,0,0,0,0,0,0,0,0,0,0,0,0,0,0,0,0,0,0,0.2,,,,,,,,,,,,,,,,,,,,,,,,,,
BIH,Bosnia and Herzegovina,5,20,3797756,21.3,22.7,22.3,25.5,23.3,27.2,29.1,29.4,29.3,24.5,26.6,30.3,34.1,27.1,27.1,26.9,28.7,31.2,30.2,27,30.7,29.1,28.1,27.5,26.8,28.9,1.6,1.7,1.7,2,1.8,2.2,2.4,2.4,2.4,1.9,2.1,2.5,2.9,2.2,2.2,2.1,2.3,2.6,2.5,2.2,2.5,2.4,2.3,2.2,2.1,2.3,0.1,0.3,0.2,0.5,0.3,0.7,0.9,0.9,0.9,0.4,0.6,1,1.4,0.7,0.7,0.7,0.9,1.1,1,0.7,1,0.9,0.8,0.7,0.7,0.9
BLM,Saint-Barthélemy,5,,5887,2.5,2.1,2.6,2.5,2.5,2.4,2.7,2.6,2.4,2.3,2.1,3,2.5,3.7,2.8,2.5,2.7,3.2,3.4,2.4,2.7,2.5,3.4,2.9,3.3,2.8,0,0,0,0,0,0,0,0,0,0,0,0,0,0,0,0,0,0,0,0,0,0,0,0,0,0,,,,,,,,,,,,,,,,,,,,,,,,,,
BLR,Belarus,5,15,9539198,9.5,9.3,11.7,10.3,11.2,13.1,12.6,12.1,14,15.5,15.3,14.8,15.8,17.9,17.1,15.4,14.2,15.3,15.2,15.2,15.3,19.4,15.4,15.4,16.9,16.7,0.4,0.4,0.7,0.5,0.6,0.8,0.7,0.7,0.9,1,1,1,1.1,1.3,1.2,1,0.9,1,1,1,1,1.4,1,1,1.2,1.1,0,0,0,0,0,0,0,0,0,0,0,0,0.1,0.3,0.2,0,0,0,0,0,0,0.4,0,0,0.2,0.2
BLZ,Belize,5,,393089,13,10.5,10.8,13.1,10.6,10,10.4,10,10.8,10.8,12,10.2,14.3,11.8,10.7,11.2,12.5,12.4,15,10.9,15,11.6,12,11.6,10.4,14.3,0.8,0.5,0.6,0.8,0.5,0.5,0.5,0.5,0.6,0.6,0.7,0.5,0.9,0.7,0.6,0.6,0.7,0.7,1,0.6,1,0.6,0.7,0.6,0.5,0.9,,,,,,,,,,,,,,,,,,,,,,,,,,
BMU,Bermuda,5,,64440,3.8,2.4,2.7,2.6,2.6,2.4,2.7,2.8,2.8,3.3,2.9,3.5,4,3.9,3.5,4.2,5.3,4.6,5.2,5,4.9,4.9,5.4,6,5.4,6.2,0,0,0,0,0,0,0,0,0,0,0,0,0,0,0,0,0,0,0,0,0,0,0,0.1,0,0.1,,,,,,,,,,,,,,,,,,,,,,,,,,
BOL,Bolivia,5,,12186793,32.2,29.2,27.6,29.9,27.2,25.5,26.9,27.2,26.2,25.2,23.7,25.8,27.9,35.4,24.9,26.7,32.8,27.3,31.1,31.8,27.2,27.6,25.1,25.7,25.9,25.5,2.7,2.4,2.2,2.4,2.2,2,2.1,2.2,2.1,2,1.8,2,2.2,3,2,2.1,2.7,2.2,2.6,2.6,2.2,2.2,2,2,2,2,,,,,,,,,,,,,,,,,,,,,,,,,,
BRA,Brazil,5,10,218232469,12.1,11.8,11.1,10.9,10.9,10.7,10.8,10.9,11.3,10.8,10.4,10.9,11.2,11.8,11.4,11.6,12.4,11.3,11.9,11.7,11.6,11.6,10.6,10,8.2,9.1,0.7,0.7,0.6,0.6,0.6,0.6,0.6,0.6,0.6,0.6,0.5,0.6,0.6,0.7,0.6,0.6,0.7,0.6,0.7,0.7,0.6,0.6,0.5,0.5,0.3,0.4,0.2,0.2,0.1,0.1,0.1,0.1,0.1,0.1,0.1,0.1,0,0.1,0.1,0.2,0.1,0.2,0.2,0.1,0.2,0.2,0.2,0.2,0.1,0,0,0
BRB,Barbados,5,10,298237,2.4,2.3,2.6,2.5,2.5,2.5,2.7,2.5,2.2,2,2.1,2.5,2.2,3,2.6,2.3,2.3,2.5,2.4,2.3,2.5,2.3,2.6,2.2,2.7,2.2,0,0,0,0,0,0,0,0,0,0,0,0,0,0,0,0,0,0,0,0,0,0,0,0,0,0,0,0,0,0,0,0,0,0,0,0,0,0,0,0,0,0,0,0,0,0,0,0,0,0,0,0
BRN,Brunei,5,,477206,8.9,7.4,7.3,6.7,12,8.5,6.4,9.9,13,9.6,8.7,9.9,8.7,6.8,13.7,6.2,6.7,12,8.2,9.3,7.8,10.9,5.7,6.1,5.5,12.9,0.4,0.2,0.2,0.2,0.7,0.3,0.1,0.5,0.8,0.5,0.4,0.5,0.4,0.2,0.9,0.1,0.2,0.7,0.3,0.4,0.3,0.6,0.1,0.1,0,0.8,,,,,,,,,,,,,,,,,,,,,,,,,,
BTN,Bhutan,5,,878983,25.4,24,30.2,30.1,29,30.9,28.7,28.8,30.3,30.4,25.9,28.8,27.6,26.3,31.5,26.7,25.3,26.1,24.2,23.1,23.4,22.7,23.5,20.9,16.1,15.4,2,1.9,2.5,2.5,2.4,2.5,2.3,2.3,2.5,2.5,2,2.3,2.2,2.1,2.6,2.1,2,2.1,1.9,1.8,1.8,1.7,1.8,1.6,1.1,1,,,,,,,,,,,,,,,,,,,,,,,,,,
BVT,Bouvet Island,5,5,0,,,,,,,,,,,,,,,,,,,,,,,,,,,,,,,,,,,,,,,,,,,,,,,,,,,,,,,,,,,,,,,,,,,,,,,,,,,,,,
BWA,Botswana,5,,2417152,15.9,15.5,14.2,12.2,14.3,15.1,13.7,14.1,15.4,11,15.2,16.1,14.2,19.2,15,16.2,15.4,14.1,18.7,15.2,15.8,15.6,16.6,15.2,14.6,15.7,1.1,1,0.9,0.7,0.9,1,0.9,0.9,1,0.6,1,1.1,0.9,1.4,1,1.1,1,0.9,1.3,1,1.1,1,1.1,1,0.9,1,,,,,,,,,,,,,,,,,,,,,,,,,,
CAF,Central African Republic,5,,5597780,24.5,25.1,27.1,27.9,27.8,28.8,26.9,28.1,28.2,28.1,29.8,28.8,30.5,30.9,30.5,28,27.6,26.1,26.6,29.3,28.9,26.1,26.1,29.2,26.6,28.9,1.9,2,2.2,2.2,2.2,2.3,2.1,2.3,2.3,2.3,2.4,2.3,2.5,2.5,2.5,2.3,2.2,2.1,2.1,2.4,2.3,2.1,2.1,2.4,2.1,2.3,,,,,,,,,,,,,,,,,,,,,,,,,,
CAN,Canada,5,8.8,37873345,9.2,6,6.9,5.7,6,6.9,6.5,5.7,6.9,6.9,6.8,6.6,6.5,6.4,6.9,7.4,7.6,7.8,8.7,7.9,8.5,8.2,8.1,8,8.3,8.9,0.4,0.1,0.2,0.1,0.1,0.2,0.1,0.1,0.2,0.2,0.2,0.2,0.1,0.1,0.2,0.2,0.3,0.3,0.4,0.3,0.3,0.3,0.3,0.3,0.3,0.4,0,0,0,0,0,0,0,0,0,0,0,0,0,0,0,0,0,0,0,0,0,0,0,0,0,0
CCK,Cocos Islands,5,,466,2.2,1.6,1.4,1.4,1.8,1.7,1.6,1.6,1.9,1.9,1.6,2,1.8,1.6,1.9,1.6,2.1,2.2,1.5,2.2,1.4,1.8,1.4,1.6,1.7,1.2,0,0,0,0,0,0,0,0,0,0,0,0,0,0,0,0,0,0,0,0,0,0,0,0,0,0,,,,,,,,,,,,,,,,,,,,,,,,,,
CHE,Switzerland,5,10,8801032,7.3,8.2,8.1,7.7,8.1,9.6,9.5,9.8,10.8,9.5,12.4,11.5,13.6,13.7,13.4,11.8,11.5,13,12.9,11.9,15.4,14.4,13.9,13.6,14.3,13.8,0.2,0.3,0.3,0.3,0.3,0.5,0.4,0.5,0.6,0.4,0.7,0.6,0.8,0.9,0.8,0.7,0.6,0.8,0.8,0.7,1,0.9,0.9,0.8,0.9,0.9,0,0,0,0,0,0,0,0,0.1,0,0.2,0.1,0.4,0.4,0.3,0.2,0.1,0.3,0.3,0.2,0.5,0.4,0.4,0.4,0.4,0.4
CHL,Chile,5,20,18219660,24.2,23.4,20.6,16.5,17.4,18.2,19,20.8,20.1,19.3,18.6,18.1,19.5,17.5,17.6,19.3,18.3,17.6,16.7,17.4,16.9,16.8,17.1,18,18,16,1.9,1.8,1.5,1.1,1.2,1.3,1.4,1.5,1.5,1.4,1.3,1.3,1.4,1.2,1.2,1.4,1.3,1.2,1.1,1.2,1.2,1.2,1.2,1.3,1.3,1.1,0.4,0.3,0.1,0,0,0,0,0.1,0,0,0,0,0,0,0,0,0,0,0,0,0,0,0,0,0,0
CHN,China,5,35,1417366330,27.4,26.6,26.4,28.3,31.6,32.4,37,39.3,42.6,46.2,43.7,41.6,43.9,38.8,40.2,41.6,42.5,41.9,38.8,35.6,37.6,32.3,30,28.7,24.6,25.7,2.2,2.1,2.1,2.3,2.6,2.7,3.1,3.4,3.7,4,3.8,3.6,3.8,3.3,3.4,3.6,3.7,3.6,3.3,3,3.2,2.7,2.5,2.3,1.9,2,0,0,0,0,0,0,0.2,0.4,0.7,1.1,0.9,0.6,0.9,0.4,0.5,0.6,0.7,0.7,0.4,0.1,0.3,0,0,0,0,0
CIV,Côte d'Ivoire,5,,29252229,10,10.6,9.9,10.7,10.2,9.7,10.2,11,11,9.8,9.7,9.9,11.4,11.4,11.5,12,11.2,11.2,11.6,11.7,11,10.1,10.5,10.9,8.9,10.4,0.5,0.5,0.5,0.6,0.5,0.5,0.5,0.6,0.6,0.5,0.5,0.5,0.6,0.6,0.6,0.7,0.6,0.6,0.6,0.7,0.6,0.5,0.5,0.6,0.4,0.5,,,,,,,,,,,,,,,,,,,,,,,,,,
CMR,Cameroon,5,,30177959,32.5,32.8,32.9,32.8,32.4,33.5,33.8,33.2,30.4,30.8,32.3,32.1,30.7,31.7,31.4,32.5,29.3,28.2,29.9,31.1,29.5,29.4,31.3,29.7,27.6,30,2.7,2.7,2.7,2.7,2.7,2.8,2.8,2.8,2.5,2.5,2.7,2.7,2.5,2.6,2.6,2.7,2.4,2.3,2.4,2.6,2.4,2.4,2.6,2.4,2.2,2.5,,,,,,,,,,,,,,,,,,,,,,,,,,
COD,Democratic Republic of the Congo,5,,111816993,32.1,37.9,37,36.6,37.2,34.8,33.3,37.2,41.2,37.6,41.5,41.1,37.9,40.1,35.7,36.2,34.6,32,37.3,37.1,36,37.5,37.9,33,25,33.5,2.7,3.2,3.1,3.1,3.2,2.9,2.8,3.2,3.5,3.2,3.6,3.5,3.2,3.4,3,3.1,2.9,2.6,3.2,3.1,3,3.2,3.2,2.7,2,2.8,,,,,,,,,,,,,,,,,,,,,,,,,,
COG,Republic of the Congo,5,,5990270,30,34.2,33.2,34.2,32.8,32.4,28.8,32.2,35.7,33.2,35.5,33.3,33.4,36.2,32.2,34,29.5,26.3,30.1,30.9,27.7,31.7,31.7,26,21.4,27.4,2.5,2.9,2.8,2.9,2.7,2.7,2.3,2.7,3,2.8,3,2.8,2.8,3.1,2.7,2.8,2.4,2.1,2.5,2.5,2.2,2.6,2.6,2.1,1.6,2.2,,,,,,,,,,,,,,,,,,,,,,,,,,
COK,Cook Islands,5,,6202,1,0.9,0.7,1,0.9,0.9,0.9,0.8,1,1,0.9,0.9,0.9,0.9,0.9,0.9,1,1.1,1.1,1,1,1.1,1,1,0.8,0.7,0,0,0,0,0,0,0,0,0,0,0,0,0,0,0,0,0,0,0,0,0,0,0,0,0,0,,,,,,,,,,,,,,,,,,,,,,,,,,
COL,Colombia,5,20,49087330,16.2,15.4,13.6,15.5,16.2,15,15.1,16.4,15,15.6,14.9,15.1,13.9,15.2,13.5,12.9,13.7,13.1,13.6,13.2,15.1,13.1,14.4,12.8,9.7,11.5,1.1,1,0.8,1,1.1,1,1,1.1,1,1,1,1,0.9,1,0.8,0.8,0.9,0.8,0.8,0.8,1,0.8,0.9,0.8,0.5,0.6,0,0,0,0,0,0,0,0,0,0,0,0,0,0,0,0,0,0,0,0,0,0,0,0,0,0
COM,Comoros,5,,819567,5.7,5.9,4.5,4.8,5.1,5.1,5.6,5,5.1,4.5,6.3,5.5,6.7,6.4,6.6,5.8,6.8,6.6,5.5,4.7,5.3,5.1,5.7,5.4,5.7,5.4,0.1,0.1,0,0,0,0,0.1,0,0,0,0.1,0,0.2,0.1,0.2,0.1,0.2,0.2,0,0,0,0,0.1,0,0.1,0,,,,,,,,,,,,,,,,,,,,,,,,,,
CPV,Cabo Verde,5,,568096,2.3,2,2.6,2,1.9,2.1,2.1,1.9,2.1,1.8,2.1,2.1,2,2.5,2.1,2.3,2.3,2.3,2.6,2.2,2.7,2.1,2.5,2.7,3.1,3,0,0,0,0,0,0,0,0,0,0,0,0,0,0,0,0,0,0,0,0,0,0,0,0,0,0,,,,,,,,,,,,,,,,,,,,,,,,,,
CRI,Costa Rica,5,,5198658,13.4,13.2,12.5,12.9,12.7,12.1,13.9,13.3,11.8,12.1,13,12.6,13.4,14.3,11.5,11.8,12.2,11.6,12.3,10.1,11.6,9.5,10.6,9.6,9,12.2,0.8,0.8,0.7,0.8,0.8,0.7,0.9,0.8,0.7,0.7,0.8,0.7,0.8,0.9,0.6,0.7,0.7,0.6,0.7,0.5,0.6,0.4,0.5,0.5,0.4,0.7,,,,,,,,,,,,,,,,,,,,,,,,,,
CUB,Cuba,5,,10832657,6.9,6.1,6,6.3,6.4,6.1,6.2,5.9,5.7,6.1,6.1,6.1,7.3,7.2,6.4,5.7,6.7,7.4,7.4,7.1,7.5,7.9,7.5,8,7.4,8.1,0.2,0.1,0.1,0.1,0.1,0.1,0.1,0.1,0.1,0.1,0.1,0.1,0.2,0.2,0.1,0.1,0.2,0.2,0.2,0.2,0.2,0.3,0.2,0.3,0.2,0.3,,,,,,,,,,,,,,,,,,,,,,,,,,
CUW,Curaçao,5,,149297,5.1,4.6,4.2,4.7,4.8,4.3,4.9,4.8,3.8,3.9,4.3,4.6,4.8,5.9,4.1,4.7,4.6,4.6,5.3,4.3,4.6,3.8,4,3.7,4.3,3.8,0,0,0,0,0,0,0,0,0,0,0,0,0,0.1,0,0,0,0,0,0,0,0,0,0,0,0,,,,,,,,,,,,,,,,,,,,,,,,,,
CXR,Christmas Island,5,,1379,2.6,2.3,1.9,2.3,2.6,2.1,2.3,3.6,3.3,3.5,2.4,2.9,2.5,2.2,3,2.2,3.1,3.1,2.6,2.9,2.2,2.7,2.6,2.1,3.2,2.5,0,0,0,0,0,0,0,0,0,0,0,0,0,0,0,0,0,0,0,0,0,0,0,0,0,0,,,,,,,,,,,,,,,,,,,,,,,,,,
CYM,Cayman Islands,5,,59597,9.1,8.4,8.6,7.5,8.4,8.2,6.6,6.6,7.8,8.1,7.1,7.2,9,7.8,8.3,7.4,8.5,8.7,8.1,7.6,8.5,8.9,7.6,7.7,8.5,9.2,0.4,0.3,0.4,0.2,0.3,0.3,0.2,0.2,0.3,0.3,0.2,0.2,0.4,0.3,0.3,0.2,0.3,0.4,0.3,0.3,0.3,0.4,0.3,0.3,0.3,0.4,,,,,,,,,,,,,,,,,,,,,,,,,,
CYP,Cyprus,5,10,837964,12.5,11,9.5,10.5,10,9.9,11.3,10.2,11.1,11.2,10.7,17.4,16,10.4,12.7,11.7,12,11.3,10.1,9.7,10,10.1,11.6,12.4,10.4,10.4,0.7,0.6,0.4,0.5,0.5,0.5,0.6,0.5,0.6,0.6,0.6,1.2,1.1,0.5,0.8,0.7,0.7,0.6,0.5,0.5,0.5,0.5,0.6,0.7,0.5,0.5,0.2,0.1,0,0,0,0,0.1,0,0.1,0.1,0.1,0.7,0.6,0,0.3,0.2,0.2,0.1,0,0,0,0,0.2,0.2,0,0
CZE,Czechia,5,10,10825908,10.1,11.3,12.5,11.4,12.3,15.9,15.4,15.3,15.3,16.9,17.8,17,18.9,20.4,17.8,15.7,15.9,22.4,21.9,19.5,21.4,22.3,20.1,18.5,18.9,20,0.5,0.6,0.7,0.6,0.7,1.1,1,1,1,1.2,1.3,1.2,1.4,1.5,1.3,1,1.1,1.7,1.7,1.4,1.6,1.7,1.5,1.3,1.4,1.5,0,0.1,0.2,0.1,0.2,0.6,0.5,0.5,0.5,0.7,0.8,0.7,0.9,1,0.8,0.6,0.6,1.2,1.2,0.9,1.1,1.2,1,0.8,0.9,1
DEU,Germany,5,10,84182002,7.4,8.1,8.5,7.9,9,11.1,10.9,10.8,11,12.2,12.6,11.9,14.2,14.9,14,12.6,12.5,15.1,13.9,13.9,15.4,14.4,13.4,13.5,14.4,15.3,0.2,0.3,0.3,0.3,0.4,0.6,0.6,0.6,0.6,0.7,0.7,0.7,0.9,1,0.9,0.7,0.7,1,0.9,0.9,1,0.9,0.8,0.8,0.9,1,0,0,0,0,0,0.1,0.1,0.1,0.1,0.2,0.3,0.2,0.4,0.5,0.4,0.3,0.2,0.5,0.4,0.4,0.5,0.4,0.3,0.3,0.4,0.5
DJI,Djibouti,5,,956848,20,19.4,18.6,18.7,20.5,21,20.1,18.6,19.8,18.5,18.4,19.3,21.5,19.9,17.8,17.3,19,18.1,16.6,15.3,16.1,15.1,14.1,15.5,15.3,12.9,1.5,1.4,1.3,1.3,1.5,1.6,1.5,1.3,1.5,1.3,1.3,1.4,1.6,1.5,1.3,1.2,1.4,1.3,1.1,1,1.1,1,0.9,1,1,0.8,,,,,,,,,,,,,,,,,,,,,,,,,,
DMA,Dominica,5,,67330,2.8,2.5,2.9,2.7,2.8,2.9,3,2.8,2.4,2.3,2.4,2.8,2.9,3.6,2.8,2.5,2.6,3,3.1,2.4,2.6,2.3,2.7,2.5,3.5,2.6,0,0,0,0,0,0,0,0,0,0,0,0,0,0,0,0,0,0,0,0,0,0,0,0,0,0,,,,,,,,,,,,,,,,,,,,,,,,,,
DNK,Denmark,5,10,5854789,6.8,6.6,6.9,6.4,8.1,9.3,7.7,7.8,8.2,10.1,8.4,8.9,12.4,10.7,10.5,9.4,9.7,11.1,9.9,9.5,12.8,11.6,10.6,11.9,12.1,12.2,0.2,0.2,0.2,0.1,0.3,0.4,0.3,0.3,0.3,0.5,0.3,0.4,0.7,0.6,0.5,0.4,0.5,0.6,0.5,0.4,0.8,0.6,0.5,0.7,0.7,0.7,0,0,0,0,0,0,0,0,0,0,0,0,0.2,0.1,0,0,0,0.1,0,0,0.3,0.2,0.1,0.2,0.2,0.2
DOM,Dominican Republic,5,15,10667409,7.1,6.7,7,6.7,7.5,7,7.4,6.9,6.2,6.7,5.9,6.1,6.3,7.7,6.1,5.9,6.7,6.8,7.6,5.5,6.8,5.8,6.5,5.5,5.6,5.6,0.2,0.2,0.2,0.2,0.2,0.2,0.2,0.2,0.1,0.2,0.1,0.1,0.1,0.3,0.1,0.1,0.2,0.2,0.3,0,0.2,0.1,0.1,0,0.1,0.1,0,0,0,0,0,0,0,0,0,0,0,0,0,0,0,0,0,0,0,0,0,0,0,0,0,0
DZA,Algeria,5,,46191606,5.3,4.9,3.9,4.1,4.6,4.6,4.7,4.1,5,3.6,4.4,4.9,5,3.9,5,4.1,5,5.2,5.2,4.4,6,4.4,4.6,4.6,4.4,4.8,0,0,0,0,0,0,0,0,0,0,0,0,0,0,0,0,0,0,0,0,0.1,0,0,0,0,0,,,,,,,,,,,,,,,,,,,,,,,,,,
ECU,Ecuador,5,15,18100083,17.3,18.7,17.6,17.8,18.1,18,17.2,17.8,17.7,17.3,17.3,16.9,15.9,18.1,15.9,16.2,16.2,16.1,17.9,16.2,15.2,14.9,14.7,14,10.9,11,1.2,1.3,1.2,1.3,1.3,1.3,1.2,1.3,1.2,1.2,1.2,1.2,1.1,1.3,1.1,1.1,1.1,1.1,1.3,1.1,1,1,1,0.9,0.6,0.6,0.2,0.4,0.3,0.3,0.3,0.3,0.2,0.3,0.3,0.2,0.2,0.2,0.1,0.3,0.1,0.1,0.1,0.1,0.3,0.1,0,0,0,0,0,0
EGY,Egypt,5,50,109275796,17.8,18.3,18.2,18,15.9,16.8,18.8,16.7,17.3,16,15.2,18.4,17.1,13.9,15,15.8,16.3,17.3,14.7,14.4,14.6,14.7,16.4,18.8,17.8,17.1,1.3,1.3,1.3,1.3,1.1,1.2,1.4,1.1,1.2,1.1,1,1.3,1.2,0.9,1,1.1,1.1,1.2,1,0.9,0.9,1,1.1,1.4,1.3,1.2,0,0,0,0,0,0,0,0,0,0,0,0,0,0,0,0,0,0,0,0,0,0,0,0,0,0
ERI,Eritrea,5,,6217538,12.1,14,13,12.3,13.2,13.7,15.3,12.7,13.2,12.4,11.9,13.2,13.9,12,12.6,12.5,12.3,12.1,11.5,10.5,12.6,11.7,11.2,11.9,10.5,10,0.7,0.9,0.8,0.7,0.8,0.9,1,0.8,0.8,0.7,0.7,0.8,0.9,0.7,0.7,0.7,0.7,0.7,0.6,0.5,0.7,0.7,0.6,0.7,0.5,0.5,,,,,,,,,,,,,,,,,,,,,,,,,,
ESH,Western Sahara,5,,655414,4.8,4.6,4.7,3.5,4.5,5.7,3.7,3.9,3.4,4.3,3.6,3.2,3.7,3.5,4,4,5.3,4.5,4.7,4.7,5,5.2,5.2,4.8,6.9,5.4,0,0,0,0,0,0.1,0,0,0,0,0,0,0,0,0,0,0,0,0,0,0,0,0,0,0.2,0,,,,,,,,,,,,,,,,,,,,,,,,,,
ESP,Spain,5,10,46656606,6.8,6.2,6.2,6,6.5,6.8,6.6,6.5,7.1,6.3,7.3,7.5,8.1,7.4,8.2,7.4,9.5,9.1,9.2,8.9,9,9.1,8.9,9,8.2,8.4,0.2,0.1,0.1,0.1,0.1,0.2,0.2,0.1,0.2,0.1,0.2,0.2,0.3,0.2,0.3,0.2,0.4,0.4,0.4,0.4,0.4,0.4,0.4,0.4,0.3,0.3,0,0,0,0,0,0,0,0,0,0,0,0,0,0,0,0,0,0,0,0,0,0,0,0,0,0
EST,Estonia,5,10,1192288,5.5,5.2,6,5.1,5.7,7,5.5,6.1,6.6,8.3,7.4,7.8,7.6,9.2,8.5,8.3,8.8,9.5,7.9,8,8.3,9.2,7.9,7.6,9.3,9,0,0,0.1,0,0.1,0.2,0,0.1,0.2,0.3,0.2,0.3,0.3,0.4,0.3,0.3,0.4,0.4,0.3,0.3,0.3,0.4,0.3,0.3,0.4,0.4,0,0,0,0,0,0,0,0,0,0,0,0,0,0,0,0,0,0,0,0,0,0,0,0,0,0
ETH,Ethiopia,5,,115858093,14.7,16.2,16.4,16.2,16.2,16.7,17.3,16.5,17.3,15.8,16.6,16.4,17.8,16.7,15.3,15.4,16.6,14.8,13.6,13.2,14.1,13.6,14,12.8,5.9,6.2,1,1.1,1.1,1.1,1.1,1.1,1.2,1.1,1.2,1.1,1.1,1.1,1.3,1.1,1,1,1.1,1,0.8,0.8,0.9,0.8,0.9,0.8,0.1,0.1,,,,,,,,,,,,,,,,,,,,,,,,,,
FIN,Finland,5,10,5474904,4.3,4.1,4.5,4,4.5,5.1,4.2,4.7,4.8,6.4,5.4,6,6.1,6.9,6.2,5.6,6.6,7.6,6.1,6.2,6.5,6.1,6,6,6.9,6.6,0,0,0,0,0,0,0,0,0,0.1,0,0.1,0.1,0.2,0.1,0.1,0.2,0.3,0.1,0.1,0.1,0.1,0.1,0.1,0.2,0.2,0,0,0,0,0,0,0,0,0,0,0,0,0,0,0,0,0,0,0,0,0,0,0,0,0,0
FJI,Fiji,5,,899836,2.7,2.8,2.1,2.1,2.5,2.5,2.9,2.2,2.5,2.3,2.4,2.2,2.7,2.5,2.4,3.3,2.5,2.3,2.3,2.4,2.2,2.4,2.4,2.5,2.5,1.7,0,0,0,0,0,0,0,0,0,0,0,0,0,0,0,0,0,0,0,0,0,0,0,0,0,0,,,,,,,,,,,,,,,,,,,,,,,,,,
FLK,Falkland Islands,5,,3298,2.9,3.1,2.4,2.2,2.2,2.2,2,2,2.2,2.4,2.1,2.2,2.7,2.5,2.5,2.9,2.8,2.5,2.4,2.3,2.3,2.5,2.3,2.3,2.4,2,0,0,0,0,0,0,0,0,0,0,0,0,0,0,0,0,0,0,0,0,0,0,0,0,0,0,,,,,,,,,,,,,,,,,,,,,,,,,,
FRA,France,5,10,65767515,7.1,8,8.1,7,7.7,9,9,9.4,9.8,9.2,12.4,11.6,13.2,13.9,13.2,11.6,11.7,11.5,11.5,11.2,13,12.2,12.8,11.4,12.4,13.2,0.2,0.3,0.3,0.2,0.3,0.4,0.4,0.4,0.5,0.4,0.7,0.6,0.8,0.9,0.8,0.6,0.7,0.6,0.6,0.6,0.8,0.7,0.8,0.6,0.7,0.8,0,0,0,0,0,0,0,0,0,0,0.2,0.2,0.3,0.4,0.3,0.2,0.2,0.1,0.1,0.1,0.3,0.2,0.3,0.1,0.2,0.3
FRO,Faroe Islands,5,,47465,2.8,2.3,2.3,2.1,2.7,2.5,2.5,1.8,2.1,3.2,2.8,2.1,2.8,2.7,2.9,2.8,2.4,2.9,2.5,2.4,3.6,2.9,2.7,2.8,2.7,2.5,0,0,0,0,0,0,0,0,0,0,0,0,0,0,0,0,0,0,0,0,0,0,0,0,0,0,,,,,,,,,,,,,,,,,,,,,,,,,,
FSM,Micronesia,5,,76456,0.8,0.7,0.6,0.5,0.7,0.8,0.7,0.7,1.2,1.1,0.8,0.8,1,0.8,1,0.7,0.8,1,0.9,1,1,1,0.9,0.7,0.8,0.7,0,0,0,0,0,0,0,0,0,0,0,0,0,0,0,0,0,0,0,0,0,0,0,0,0,0,,,,,,,,,,,,,,,,,,,,,,,,,,
GAB,Gabon,5,,2384214,25.3,26.6,24.8,26.3,24.8,24.9,24.6,26.6,26.5,24.3,26.2,25,25.4,24.7,22.6,26.1,21.9,17.8,18.8,22.2,20.3,19.9,22.9,20.1,14.7,18.4,2,2.1,1.9,2.1,1.9,2,1.9,2.1,2.1,1.9,2.1,2,2,1.9,1.7,2.1,1.7,1.3,1.4,1.7,1.5,1.5,1.8,1.5,1,1.3,,,,,,,,,,,,,,,,,,,,,,,,,,
GBR,United Kingdom,5,20,67867682,7.3,7.4,7.7,6.9,8.7,9,8.9,9.1,8.4,10.2,10.7,9.5,10.9,11.1,10,9.6,9.9,10.2,9.7,9.6,12.5,10.8,11,10.6,10.3,11.9,0.2,0.2,0.3,0.2,0.4,0.4,0.4,0.4,0.3,0.5,0.6,0.4,0.6,0.6,0.5,0.5,0.5,0.5,0.5,0.5,0.7,0.6,0.6,0.5,0.5,0.7,0,0,0,0,0,0,0,0,0,0,0,0,0,0,0,0,0,0,0,0,0,0,0,0,0,0
GEO,Georgia,5,20,4913709,13.6,13.2,12.1,12.7,13.5,11.8,13.7,11.9,12.8,12.9,12.2,13,13,10.7,12,11.7,11.7,11.8,11.7,11.1,10.9,11.6,11.4,12.5,11.4,12.3,0.8,0.8,0.7,0.8,0.8,0.7,0.9,0.7,0.8,0.8,0.7,0.8,0.8,0.6,0.7,0.7,0.7,0.7,0.7,0.6,0.6,0.6,0.6,0.7,0.6,0.7,0,0,0,0,0,0,0,0,0,0,0,0,0,0,0,0,0,0,0,0,0,0,0,0,0,0
GGY,Guernsey,5,,66683,6.1,6.1,6.7,5.5,6.5,7,6.2,6.9,6.2,7.3,8.4,7.9,9,9.1,8.6,8.3,7.5,7.4,7,7.1,8.7,7.6,7.6,7.6,8.6,10.2,0.1,0.1,0.2,0,0.1,0.2,0.1,0.2,0.1,0.2,0.3,0.3,0.4,0.4,0.4,0.3,0.2,0.2,0.2,0.2,0.4,0.3,0.3,0.3,0.4,0.5,,,,,,,,,,,,,,,,,,,,,,,,,,
GHA,Ghana,5,,33795405,12.9,14,12.8,14.5,13.5,12.6,13.6,14.5,14.1,11.8,12.2,12.9,14.5,15,14.3,16.2,15.1,14.1,15.6,15.3,14.3,13.6,14.4,13.9,10.8,12.1,0.8,0.9,0.8,0.9,0.8,0.7,0.8,0.9,0.9,0.7,0.7,0.8,0.9,1,0.9,1.1,1,0.9,1,1,0.9,0.8,0.9,0.9,0.6,0.7,,,,,,,,,,,,,,,,,,,,,,,,,,
GIB,Gibraltar,5,,24966,6.9,5.4,5.2,5.1,6.5,6.2,5,5.5,6.8,5.4,6.5,6.4,6.1,5.3,7.2,5.4,7.2,6.4,6.1,6.2,6.3,6.5,6.6,6.1,6.7,6.1,0.2,0,0,0,0.1,0.1,0,0,0.2,0,0.1,0.1,0.1,0,0.2,0,0.2,0.1,0.1,0.1,0.1,0.1,0.2,0.1,0.2,0.1,,,,,,,,,,,,,,,,,,,,,,,,,,
GIN,Guinea,5,,13529246,9.4,9.1,9.7,9.8,10.2,9.6,10.3,10.3,10,10.6,10.5,10,10.6,11.7,11.9,10.5,9.5,9.9,10.5,11.4,10.4,9,9.8,11.2,12.3,14.2,0.4,0.4,0.5,0.5,0.5,0.5,0.5,0.5,0.5,0.5,0.5,0.5,0.5,0.7,0.7,0.5,0.4,0.5,0.5,0.6,0.5,0.4,0.5,0.6,0.7,0.9,,,,,,,,,,,,,,,,,,,,,,,,,,
GLP,Guadeloupe,5,,353471,2.9,2.5,3,2.8,3,3,3.2,2.9,2.5,2.5,2.5,3,3,3.8,3,2.7,2.8,3.4,3.3,2.6,2.7,2.4,2.9,2.7,3.6,2.6,0,0,0,0,0,0,0,0,0,0,0,0,0,0,0,0,0,0,0,0,0,0,0,0,0,0,,,,,,,,,,,,,,,,,,,,,,,,,,
GMB,Gambia,5,,2447260,6.9,7.2,7.1,7.3,6.6,5.7,6.2,6,7,6.4,6.4,6.5,6,6.6,6.1,5.8,5.2,5.8,5.9,5.3,5.6,4.7,5.2,6.2,6.9,6.7,0.2,0.2,0.2,0.2,0.2,0.1,0.1,0.1,0.2,0.1,0.1,0.1,0.1,0.2,0.1,0.1,0,0.1,0.1,0,0.1,0,0,0.1,0.2,0.2,,,,,,,,,,,,,,,,,,,,,,,,,,
GNB,Guinea-Bissau,5,,1998688,7.9,7.5,7.5,8.1,7.7,7.1,7.5,7.1,7.9,7.9,7.9,7.5,7.9,8.7,8.8,7.7,6.9,7.9,7.8,7.6,7.6,6.2,7.1,7.9,8.6,8.7,0.3,0.2,0.2,0.3,0.3,0.2,0.2,0.2,0.3,0.3,0.3,0.2,0.3,0.4,0.4,0.3,0.2,0.3,0.3,0.3,0.3,0.1,0.2,0.3,0.4,0.4,,,,,,,,,,,,,,,,,,,,,,,,,,
GNQ,Equatorial Guinea,5,,1697137,29.9,32.8,31.5,31.2,30.1,29,30.1,32.2,29.9,28.4,30.6,29,29,29.1,27.7,29.6,26,21.3,23.6,26.1,24.2,23.9,26.1,25.4,19.4,22.8,2.4,2.7,2.6,2.6,2.5,2.4,2.5,2.7,2.4,2.3,2.5,2.4,2.4,2.4,2.2,2.4,2.1,1.6,1.8,2.1,1.9,1.9,2.1,2,1.4,1.7,,,,,,,,,,,,,,,,,,,,,,,,,,
GRC,Greece,5,10,10313141,11.1,11.3,9.9,10.7,10.3,10.6,11.1,10.3,10.7,10.6,9.6,13.5,15.1,9,12,13.4,15.2,14.5,14.1,11.6,14.6,13.8,12.9,14,12.4,13.7,0.6,0.6,0.5,0.6,0.5,0.5,0.6,0.5,0.6,0.5,0.5,0.8,1,0.4,0.7,0.8,1,0.9,0.9,0.6,0.9,0.9,0.8,0.9,0.7,0.9,0.1,0.1,0,0.1,0,0.1,0.1,0,0.1,0.1,0,0.3,0.5,0,0.2,0.3,0.5,0.4,0.4,0.2,0.5,0.4,0.3,0.4,0.2,0.4
GRD,Grenada,5,,106561,2.5,2.4,2.6,2.5,2.6,2.4,2.8,2.6,2.2,2,2.1,2.6,2.5,3.4,2.7,2.5,2.4,2.5,2.6,2.5,2.5,2.3,2.7,2.3,2.8,2.2,0,0,0,0,0,0,0,0,0,0,0,0,0,0,0,0,0,0,0,0,0,0,0,0,0,0,,,,,,,,,,,,,,,,,,,,,,,,,,
GRL,Greenland,5,,31117,1.2,0.9,1,0.8,1,0.8,1,0.8,1,1.2,1.1,1.2,1.3,1.4,1.3,1.5,1.3,1.3,1.3,1.5,1.3,1.2,1.2,1.3,1.4,1.4,0,0,0,0,0,0,0,0,0,0,0,0,0,0,0,0,0,0,0,0,0,0,0,0,0,0,,,,,,,,,,,,,,,,,,,,,,,,,,
GTM,Guatemala,5,,17961445,26.4,22.8,24.5,26.6,24.5,21.9,23.7,24.2,21.7,22.8,25.8,24.5,26.1,24,26,23,24.1,21.9,27.8,19.4,27.1,20.6,22.3,25.2,19,33.7,2.1,1.7,1.9,2.1,1.9,1.7,1.8,1.9,1.6,1.7,2,1.9,2.1,1.9,2.1,1.8,1.9,1.7,2.2,1.4,2.2,1.5,1.7,2,1.4,2.8,,,,,,,,,,,,,,,,,,,,,,,,,,
GUF,French Guiana,5,,294117,6.1,5.3,5.4,4.9,5.3,4.9,5,4.9,5,4.8,5,5.5,5.2,5.6,5.9,5.9,5.4,5.7,6,5.6,5.3,5,5.3,4.5,3.9,3.6,0.1,0,0,0,0,0,0,0,0,0,0,0,0,0.1,0.1,0.1,0,0.1,0.1,0.1,0,0,0,0,0,0,,,,,,,,,,,,,,,,,,,,,,,,,,
GUM,Guam,5,9,165443,0.7,0.8,0.8,0.6,0.7,0.7,0.9,0.8,1.3,1.2,0.9,1.1,0.9,0.9,0.9,1,1,1,1.1,1.2,1,0.9,0.9,0.7,0.7,0.6,0,0,0,0,0,0,0,0,0,0,0,0,0,0,0,0,0,0,0,0,0,0,0,0,0,0,0,0,0,0,0,0,0,0,0,0,0,0,0,0,0,0,0,0,0,0,0,0,0,0,0,0
GUY,Guyana,5,,752342,7.8,6.8,6.7,6.2,6.2,5.9,6.1,6.6,6.3,6,6.4,7,6.7,8,6.6,7.4,6.4,6.6,7,6.4,6.9,5.6,6.1,5.3,4.7,4.2,0.3,0.2,0.2,0.1,0.1,0.1,0.1,0.2,0.1,0.1,0.1,0.2,0.2,0.3,0.2,0.2,0.1,0.2,0.2,0.1,0.2,0.1,0.1,0,0,0,,,,,,,,,,,,,,,,,,,,,,,,,,
HMD,Heard Island and McDonald Island,5,,0,,,,,,,,,,,,,,,,,,,,,,,,,,,,,,,,,,,,,,,,,,,,,,,,,,,,,,,,,,,,,,,,,,,,,,,,,,,,,,
HND,Honduras,5,,9367692,28.2,23.2,23.3,29.6,23.2,21.8,23.1,22.2,21.5,22.2,25.7,22.5,27.6,23.7,23.5,23.4,23.1,22.7,26.4,19.7,25.4,20.3,20.9,22.4,15.9,26.2,2.3,1.8,1.8,2.4,1.8,1.6,1.8,1.7,1.6,1.7,2,1.7,2.2,1.8,1.8,1.8,1.8,1.7,2.1,1.4,2,1.5,1.6,1.7,1.1,2.1,,,,,,,,,,,,,,,,,,,,,,,,,,
HRV,Croatia,5,10,4210132,12.3,13.2,12.6,13.3,13,16.1,16.5,16.4,17.4,14.3,16.8,17.9,21.6,17.5,17.3,16.8,17.2,21.1,20.7,18.3,21.2,20.2,20,17.9,18.2,20,0.7,0.8,0.7,0.8,0.8,1.1,1.1,1.1,1.2,0.9,1.2,1.3,1.6,1.2,1.2,1.2,1.2,1.6,1.5,1.3,1.6,1.5,1.5,1.3,1.3,1.5,0.2,0.3,0.3,0.3,0.3,0.6,0.6,0.6,0.7,0.4,0.7,0.8,1.1,0.7,0.7,0.7,0.7,1.1,1,0.8,1.1,1,1,0.8,0.8,1
HTI,Haiti,5,,11398033,8.7,8.4,9.2,9,9.5,8.9,8.9,8.8,8.5,9,8.7,8.2,8.7,10.4,8.5,8.1,8.7,9.1,9.6,7.7,8.8,7.8,8.3,7.6,7.5,7.7,0.4,0.3,0.4,0.4,0.4,0.4,0.4,0.4,0.3,0.4,0.4,0.3,0.4,0.5,0.3,0.3,0.4,0.4,0.5,0.3,0.4,0.3,0.3,0.3,0.2,0.3,,,,,,,,,,,,,,,,,,,,,,,,,,
HUN,Hungary,5,10,9888083,10.3,11.5,11.9,11.7,12.2,15.3,16.7,14.7,16.4,15.4,17,17.6,21.4,17.8,17.9,16.2,15.9,22.1,21.4,19.7,24.2,24.2,22.8,20.1,22.2,22.7,0.5,0.6,0.7,0.7,0.7,1,1.1,1,1.1,1,1.2,1.2,1.6,1.3,1.3,1.1,1.1,1.7,1.6,1.4,1.9,1.9,1.7,1.5,1.7,1.7,0,0.1,0.2,0.2,0.2,0.5,0.7,0.5,0.6,0.5,0.7,0.7,1.1,0.8,0.8,0.6,0.6,1.2,1.1,1,1.4,1.4,1.3,1,1.2,1.2
IDN,Indonesia,5,15,276074865,18.6,17.6,17.1,15.9,20.8,17.7,15.1,17.2,22.4,20.9,16.3,17.4,16.8,15.2,17.8,14.7,16.1,20.2,15.9,16.7,14.1,17.2,13.3,12.3,11.7,11.5,1.3,1.2,1.2,1.1,1.5,1.2,1,1.2,1.7,1.6,1.1,1.2,1.2,1,1.3,1,1.1,1.5,1.1,1.1,0.9,1.2,0.8,0.7,0.7,0.6,0.4,0.3,0.2,0.1,0.6,0.3,0,0.2,0.7,0.6,0.1,0.2,0.2,0,0.3,0,0.1,0.5,0.1,0.2,0,0.2,0,0,0,0
IMN,Isle of Man,5,,89648,4.9,4.9,5.2,4.8,6.2,5.9,5.5,5.6,5.7,6.3,7.2,5.8,6.9,7.2,6.9,6.2,6.4,6.4,5.7,5.2,8.5,6.9,6.8,6.1,6.5,7.4,0,0,0,0,0.1,0.1,0,0.1,0.1,0.1,0.2,0.1,0.2,0.2,0.2,0.1,0.1,0.1,0.1,0,0.3,0.2,0.2,0.1,0.1,0.2,,,,,,,,,,,,,,,,,,,,,,,,,,
IND,India,5,40,1398021054,41,40.5,45,43.1,44.5,46.8,46.6,47.9,45.2,42.9,43.3,42.2,45.1,42.2,42.1,42.4,38.8,37,35.2,34.1,34.1,31.6,31.7,29,25.5,25.2,3.5,3.5,3.9,3.7,3.9,4.1,4.1,4.2,3.9,3.7,3.8,3.6,3.9,3.6,3.6,3.7,3.3,3.1,3,2.9,2.9,2.6,2.6,2.4,2,2,0.1,0,0.5,0.3,0.4,0.7,0.6,0.8,0.5,0.3,0.3,0.2,0.5,0.2,0.2,0.2,0,0,0,0,0,0,0,0,0,0
IOT,British Indian Ocean Territory,5,,0,,,,,,,,,,,,,,,,,,,,,,,,,,,,,,,,,,,,,,,,,,,,,,,,,,,,,,,,,,,,,,,,,,,,,,,,,,,,,,
IRL,Ireland,5,10,4979398,5,5,5.6,4.9,6,5.5,4.9,5.6,5,5.6,6.8,5.7,6.3,7.5,6.5,6,6.2,5.9,5.8,5.4,8.1,6.4,7,6.1,6.3,6.9,0,0,0.1,0,0.1,0,0,0.1,0,0.1,0.2,0.1,0.1,0.2,0.1,0.1,0.1,0.1,0.1,0,0.3,0.1,0.2,0.1,0.1,0.2,0,0,0,0,0,0,0,0,0,0,0,0,0,0,0,0,0,0,0,0,0,0,0,0,0,0
IRN,Iran,5,12,87410694,20.2,18.9,16.7,17.8,18.5,17.4,18.4,15.8,16.8,17.6,15.4,18.1,18,16.8,17,16.4,15.4,15.5,14.1,13.1,13,14.6,13.4,15.1,12.5,13.4,1.5,1.4,1.1,1.3,1.3,1.2,1.3,1.1,1.2,1.2,1,1.3,1.3,1.2,1.2,1.1,1,1,0.9,0.8,0.8,0.9,0.8,1,0.7,0.8,0.8,0.7,0.5,0.6,0.6,0.5,0.6,0.4,0.5,0.5,0.3,0.6,0.6,0.5,0.5,0.4,0.3,0.3,0.2,0.1,0.1,0.3,0.1,0.3,0,0.1
IRQ,Iraq,5,10,41266741,23.2,24.1,17.6,18.8,20.1,20.3,19.2,14.6,18.6,19.3,17.2,20.3,18.6,19.2,18.2,17.3,14.6,16.3,12.8,12.3,10.8,14.6,14.3,16.6,17.5,13.2,1.8,1.9,1.2,1.4,1.5,1.5,1.4,0.9,1.3,1.4,1.2,1.5,1.3,1.4,1.3,1.2,0.9,1.1,0.8,0.7,0.6,0.9,0.9,1.1,1.2,0.8,1.3,1.4,0.7,0.9,1,1,0.9,0.5,0.8,0.9,0.7,1,0.8,0.9,0.8,0.7,0.5,0.6,0.3,0.2,0.1,0.5,0.4,0.6,0.7,0.3
ISL,Iceland,5,10,337769,3.3,2.3,3.2,2.1,2.8,2.2,2.8,2.3,2.2,2.7,2.4,2.3,2.5,2.8,2.5,2.3,2.2,2.3,2.3,2.6,2.6,2.5,2.3,2.2,2.3,2.2,0,0,0,0,0,0,0,0,0,0,0,0,0,0,0,0,0,0,0,0,0,0,0,0,0,0,0,0,0,0,0,0,0,0,0,0,0,0,0,0,0,0,0,0,0,0,0,0,0,0,0,0
ISR,Israel,5,25,9385312,12.6,13.2,11.4,11.8,10.8,10.9,11.1,9.9,10.9,9.7,9.3,11.5,10.5,9.3,9.4,9.8,10.1,10,8.8,8.9,8.8,9.9,10.8,12.3,9.4,9.4,0.7,0.8,0.6,0.7,0.6,0.6,0.6,0.5,0.6,0.5,0.4,0.6,0.5,0.4,0.4,0.5,0.5,0.5,0.4,0.4,0.4,0.5,0.6,0.7,0.4,0.4,0,0,0,0,0,0,0,0,0,0,0,0,0,0,0,0,0,0,0,0,0,0,0,0,0,0
ITA,Italy,5,10,60501824,11.6,12.2,11.1,12.7,11.5,12.2,14.7,12.6,15.1,11.1,14.4,15.6,17.3,14.5,15.1,15,17.3,18.5,16.9,14.6,17.6,16.7,15.8,16.9,15.6,16.6,0.6,0.7,0.6,0.8,0.6,0.7,1,0.7,1,0.6,0.9,1,1.2,0.9,1,1,1.2,1.3,1.2,0.9,1.2,1.1,1.1,1.2,1,1.1,0.2,0.2,0.1,0.3,0.1,0.2,0.5,0.3,0.5,0.1,0.4,0.5,0.7,0.4,0.5,0.5,0.7,0.8,0.7,0.5,0.7,0.7,0.6,0.7,0.5,0.6
JAM,Jamaica,5,12,2788005,14.1,13.6,14,13.8,13.8,12.8,12.8,12.9,12.8,13.7,12.7,13.1,12.8,14.2,12.7,12.5,12.2,13.4,14,12.1,12.5,11.9,11,11,10.9,10.3,0.9,0.8,0.9,0.9,0.9,0.8,0.8,0.8,0.8,0.9,0.8,0.8,0.8,0.9,0.8,0.7,0.7,0.8,0.9,0.7,0.7,0.7,0.6,0.6,0.6,0.5,0.2,0.2,0.2,0.2,0.2,0.1,0.1,0.1,0.1,0.2,0.1,0.1,0.1,0.2,0.1,0,0,0.1,0.2,0,0,0,0,0,0,0
JEY,Jersey,5,,98638,6.5,6.3,7.3,5.7,6.8,7.5,6.9,7.6,6.9,7.7,9.4,9.1,9.9,9.9,9.5,9.1,8,7.9,7.7,8,9.5,8.5,8.6,8.3,9.6,10.7,0.1,0.1,0.2,0.1,0.2,0.2,0.2,0.3,0.2,0.3,0.4,0.4,0.5,0.5,0.4,0.4,0.3,0.3,0.3,0.3,0.4,0.3,0.4,0.3,0.5,0.6,,,,,,,,,,,,,,,,,,,,,,,,,,
JOR,Jordan,5,15,11086240,16.4,17.5,15.7,16.1,14.7,14.8,14.8,12.9,14.6,12.9,12.6,15.9,14.6,12.5,12.4,12.5,12.7,13.2,11.5,11.7,11.2,12,13.6,14.3,11.4,11.1,1.1,1.2,1,1.1,1,1,1,0.8,0.9,0.8,0.7,1.1,0.9,0.7,0.7,0.7,0.8,0.8,0.6,0.7,0.6,0.7,0.8,0.9,0.6,0.6,0.1,0.2,0.1,0.1,0,0,0,0,0,0,0,0.1,0,0,0,0,0,0,0,0,0,0,0,0,0,0
JPN,Japan,5,15,122499656,10.5,10.9,10.1,10,10.7,10.7,10.8,10.8,11.8,12.3,11.5,12,10.8,10.3,11.5,13.3,11.9,12.8,12.4,11.3,13,11.7,12.4,13.5,9.1,10.6,0.5,0.6,0.5,0.5,0.6,0.6,0.6,0.6,0.7,0.7,0.6,0.7,0.6,0.5,0.6,0.8,0.7,0.8,0.7,0.6,0.8,0.7,0.7,0.8,0.4,0.5,0,0,0,0,0,0,0,0,0,0,0,0,0,0,0,0,0,0,0,0,0,0,0,0,0,0
KAZ,Kazakhstan,5,,20102614,11.6,11.5,12,12,13.4,13,13.4,12.7,11.7,12.2,11.5,13.8,12.5,11.8,12.3,13.4,11.4,10.8,10.9,10.2,10.6,10.4,9.6,10.2,10.3,10.8,0.6,0.6,0.7,0.7,0.8,0.8,0.8,0.8,0.7,0.7,0.6,0.9,0.7,0.7,0.7,0.8,0.6,0.6,0.6,0.5,0.5,0.5,0.5,0.5,0.5,0.6,,,,,,,,,,,,,,,,,,,,,,,,,,
KEN,Kenya,5,35,56964014,16.1,17.2,17.2,18.7,17.1,16.8,14.4,16.5,15.6,15.5,17.4,17.4,18.2,17.9,16,16,18.9,16.3,15.2,15.6,16.2,15.8,18.5,16,8.1,9.8,1.1,1.2,1.2,1.3,1.2,1.2,0.9,1.1,1,1,1.2,1.2,1.3,1.3,1.1,1.1,1.4,1.1,1,1,1.1,1.1,1.3,1.1,0.3,0.5,0,0,0,0,0,0,0,0,0,0,0,0,0,0,0,0,0,0,0,0,0,0,0,0,0,0
KGZ,Kyrgyzstan,5,,5994085,12.9,12.1,13.9,12.9,15.2,13.9,13.9,13.7,13.6,11.9,12.4,14.8,12,10.7,12.7,12.4,12.3,12.4,11.7,10.9,10.1,11.3,9.6,11.9,10,10.9,0.8,0.7,0.9,0.8,1,0.9,0.9,0.9,0.8,0.7,0.7,1,0.7,0.6,0.8,0.7,0.7,0.7,0.7,0.6,0.5,0.6,0.5,0.7,0.5,0.6,,,,,,,,,,,,,,,,,,,,,,,,,,
KHM,Cambodia,5,25,16878392,18.8,22.1,17.8,18.7,17,18.7,14.7,15.5,15.3,16.1,18.2,15.1,17.6,16.6,16,18.2,18.6,16.8,19.1,19.1,17.7,15.4,14.3,15.7,13.5,13.6,1.4,1.7,1.3,1.3,1.2,1.3,1,1,1,1.1,1.3,1,1.2,1.1,1.1,1.3,1.3,1.2,1.4,1.4,1.2,1,0.9,1,0.8,0.8,0,0,0,0,0,0,0,0,0,0,0,0,0,0,0,0,0,0,0,0,0,0,0,0,0,0
KIR,Kiribati,5,,70159,1.3,0.8,0.8,0.9,1.5,1.1,0.9,1,1.8,1.3,1.1,1,1,1.2,1.6,1.1,1.3,1.6,1.6,1.3,1.2,1.5,1.1,1,1,1,0,0,0,0,0,0,0,0,0,0,0,0,0,0,0,0,0,0,0,0,0,0,0,0,0,0,,,,,,,,,,,,,,,,,,,,,,,,,,
KNA,Saint Kitts and Nevis,5,,51376,2.9,2.5,3,2.8,2.9,2.8,3.1,2.9,2.7,2.6,2.3,3.2,3,3.9,3.2,2.8,3,3.6,3.6,2.7,3,2.6,3.4,2.9,3.3,2.9,0,0,0,0,0,0,0,0,0,0,0,0,0,0,0,0,0,0,0,0,0,0,0,0,0,0,,,,,,,,,,,,,,,,,,,,,,,,,,
KOR,South Korea,5,15,51649895,21.6,20.8,18.7,18.6,19.6,18.8,19.3,21.3,21.3,23.5,22.3,20.5,19,18.9,20.2,21.2,21.1,21.5,20,19,23.5,17.3,19,19.5,16.2,16.4,1.6,1.5,1.3,1.3,1.4,1.4,1.4,1.6,1.6,1.8,1.7,1.5,1.4,1.4,1.5,1.6,1.6,1.6,1.5,1.4,1.8,1.2,1.4,1.4,1.1,1.1,0.6,0.6,0.4,0.4,0.5,0.4,0.4,0.6,0.6,0.8,0.7,0.5,0.4,0.4,0.5,0.6,0.6,0.6,0.5,0.4,0.8,0.2,0.4,0.4,0.1,0.1
KWT,Kuwait,5,,3076508,22.2,22.4,18.3,19,20.1,21,18.8,14.7,19.6,19.3,16.3,20.5,17.4,18.9,18.8,18,15.1,15,12.8,12.7,12.2,15.5,13.8,18,16.2,14.7,1.7,1.7,1.3,1.4,1.5,1.6,1.4,1,1.4,1.4,1.1,1.5,1.2,1.4,1.4,1.3,1,1,0.8,0.8,0.7,1,0.9,1.3,1.1,1,,,,,,,,,,,,,,,,,,,,,,,,,,
LAO,Laos,5,,7886810,28.9,24.1,24.5,26,26.7,23.2,24.1,27.6,24.6,27.3,26.2,24.3,24.2,27.5,24.3,24.3,28.8,25.2,27.1,27.6,21.9,20.8,21.2,21.5,20.4,24.4,2.3,1.9,1.9,2.1,2.1,1.8,1.9,2.2,1.9,2.2,2.1,1.9,1.9,2.2,1.9,1.9,2.3,2,2.2,2.2,1.7,1.5,1.6,1.6,1.5,1.9,,,,,,,,,,,,,,,,,,,,,,,,,,
LBN,Lebanon,5,,5293663,17.6,18.1,15.4,16.8,16.2,15.7,16.3,14.2,15.5,14.3,14,16.5,16.1,12.9,13.9,13.5,14.6,14.7,13.1,13,13.1,14.2,15.9,17.1,14.2,14.3,1.2,1.3,1,1.2,1.1,1,1.1,0.9,1,0.9,0.9,1.1,1.1,0.8,0.9,0.8,0.9,1,0.8,0.8,0.8,0.9,1.1,1.2,0.9,0.9,,,,,,,,,,,,,,,,,,,,,,,,,,
LBR,Liberia,5,,5196931,9,9.3,8.4,9.5,10,9.1,9.5,10.2,9.9,9.7,10.1,9.2,10.7,10.3,11.5,10.6,9.5,9.9,10.6,10,9.8,8.9,9.7,9.8,10,11.8,0.4,0.4,0.3,0.4,0.5,0.4,0.4,0.5,0.5,0.5,0.5,0.4,0.6,0.5,0.6,0.5,0.4,0.5,0.5,0.5,0.5,0.4,0.5,0.5,0.5,0.7,,,,,,,,,,,,,,,,,,,,,,,,,,
LBY,Libya,5,,7232574,5.4,6,4.7,4.9,4.2,4.3,4.9,4.1,5.4,3.7,4.7,5.1,5.4,4.1,4.5,4.9,5.1,5.9,5.4,4.4,5.9,4.9,4.8,6.4,6,6.7,0,0.1,0,0,0,0,0,0,0,0,0,0,0,0,0,0,0,0.1,0,0,0.1,0,0,0.1,0.1,0.2,,,,,,,,,,,,,,,,,,,,,,,,,,
LCA,Saint Lucia,5,,159547,2.6,2.4,2.7,2.6,2.6,2.6,2.8,2.7,2.4,2.1,2.1,2.6,2.5,3.2,2.7,2.4,2.3,2.6,2.6,2.4,2.5,2.3,2.6,2.4,3,2.5,0,0,0,0,0,0,0,0,0,0,0,0,0,0,0,0,0,0,0,0,0,0,0,0,0,0,,,,,,,,,,,,,,,,,,,,,,,,,,
LIE,Liechtenstein,5,,39533,9.3,9.8,9.6,9.4,9.5,10.8,10.7,10.6,12,10,13.3,12.6,14.1,14.7,14.3,12.9,13.2,16.2,16,13.8,17.1,16.7,15.3,14.9,15.7,15.1,0.4,0.5,0.5,0.4,0.4,0.6,0.6,0.5,0.7,0.5,0.8,0.7,0.9,1,0.9,0.8,0.8,1.1,1.1,0.9,1.2,1.1,1,1,1,1,,,,,,,,,,,,,,,,,,,,,,,,,,
LKA,Sri Lanka,5,25,21650199,16.2,17.8,15.9,16.5,17.7,21.4,18,18.8,17.5,19.2,19,18.8,19.1,18.6,17.9,17.5,17.6,16.3,17.2,14.9,15.7,15,15.9,14.6,12.3,11,1.1,1.3,1.1,1.1,1.2,1.6,1.3,1.4,1.2,1.4,1.4,1.4,1.4,1.3,1.3,1.2,1.2,1.1,1.2,1,1,1,1.1,0.9,0.7,0.6,0,0,0,0,0,0,0,0,0,0,0,0,0,0,0,0,0,0,0,0,0,0,0,0,0,0
LSO,Lesotho,5,,2209272,23.1,26.4,21.3,20.8,18.6,20.7,21.2,18.5,20.1,18.6,19,19.9,22.2,24.7,21.3,22.3,20.3,23,22.4,21.9,21.9,22,20,22.6,15.8,15.2,1.8,2.1,1.6,1.5,1.3,1.5,1.6,1.3,1.5,1.3,1.4,1.5,1.7,1.9,1.6,1.7,1.5,1.8,1.7,1.7,1.7,1.7,1.5,1.7,1.1,1,,,,,,,,,,,,,,,,,,,,,,,,,,
LTU,Lithuania,5,10,2653944,8.3,8.8,10.6,9,10.3,11.8,11.1,10.9,13,14.4,13.9,14.7,14.9,17.6,15.4,16.5,13.4,13.7,12.4,12.2,14.1,16,13.4,13.6,15.9,16.1,0.3,0.4,0.5,0.4,0.5,0.7,0.6,0.6,0.8,0.9,0.9,1,1,1.2,1,1.1,0.8,0.9,0.7,0.7,0.9,1.1,0.8,0.8,1.1,1.1,0,0,0.1,0,0,0.2,0.1,0.1,0.3,0.4,0.4,0.5,0.5,0.7,0.5,0.6,0.3,0.4,0.2,0.2,0.4,0.6,0.3,0.4,0.6,0.6
LUX,Luxembourg,5,10,657924,6.7,7.5,7.6,7,7.9,9.8,9.8,9.9,10.5,10.6,13.2,12,13.9,14.6,14.4,13.5,13.3,13.7,12.6,13.2,15,13.3,13,13.2,14.8,16.5,0.2,0.2,0.3,0.2,0.3,0.5,0.5,0.5,0.5,0.5,0.8,0.7,0.9,0.9,0.9,0.8,0.8,0.9,0.7,0.8,1,0.8,0.8,0.8,1,1.1,0,0,0,0,0,0,0,0,0,0.1,0.3,0.2,0.4,0.5,0.4,0.3,0.3,0.4,0.3,0.3,0.5,0.3,0.3,0.3,0.5,0.6
LVA,Latvia,5,10,1817679,11.5,11.1,13.2,11.5,12.5,14.8,12.5,12.5,14.5,16.5,15.4,16.5,15.5,19.2,17.4,18.5,19.5,18.6,15.5,15.4,17.1,19.2,16.2,16.1,18.7,18.4,0.6,0.6,0.8,0.6,0.7,1,0.7,0.7,0.9,1.1,1,1.1,1,1.4,1.2,1.3,1.4,1.3,1,1,1.2,1.4,1.1,1.1,1.3,1.3,0.1,0.1,0.3,0.1,0.2,0.5,0.2,0.2,0.4,0.6,0.5,0.6,0.5,0.9,0.7,0.8,0.9,0.8,0.5,0.5,0.7,0.9,0.6,0.6,0.9,0.8
MAF,Saint-Martin,5,,30981,2.5,2,2.5,2.4,2.4,2.4,2.7,2.6,2.4,2.3,2,2.8,2.4,3.6,2.6,2.4,2.7,3.1,3.3,2.3,2.6,2.4,3.2,2.8,3.3,2.7,0,0,0,0,0,0,0,0,0,0,0,0,0,0,0,0,0,0,0,0,0,0,0,0,0,0,,,,,,,,,,,,,,,,,,,,,,,,,,
MAR,Morocco,5,,36294675,8.1,5.8,7,6.2,6.8,7.1,5.7,6.6,7.5,5.7,7,6.6,6.5,6,6.4,6.1,7.3,7.2,7.2,6.5,6.7,6.5,6.4,6.3,7.7,6.9,0.3,0.1,0.2,0.1,0.2,0.2,0.1,0.2,0.2,0.1,0.2,0.2,0.1,0.1,0.1,0.1,0.2,0.2,0.2,0.1,0.2,0.1,0.1,0.1,0.3,0.2,,,,,,,,,,,,,,,,,,,,,,,,,,
MCO,Monaco,5,,15984,8.5,9.4,8.4,9,9.2,10.1,11.6,10.3,11.6,8.9,11.5,13.7,14,13.7,13,11.4,12.3,12.5,13.2,12.4,14.9,13.3,13.2,13.2,11.4,12.9,0.3,0.4,0.3,0.4,0.4,0.5,0.6,0.5,0.6,0.4,0.6,0.9,0.9,0.9,0.8,0.6,0.7,0.7,0.8,0.7,1,0.8,0.8,0.8,0.6,0.8,,,,,,,,,,,,,,,,,,,,,,,,,,
MDA,Moldova,5,25,3631104,9.8,10.6,11.8,11.9,11,13.2,14.6,13.2,13.1,14.6,14,16.2,15.9,13.3,14.7,13.8,14.8,18.7,16.3,15.7,16.4,19.8,17,15.4,17.7,18.3,0.5,0.5,0.7,0.7,0.6,0.8,0.9,0.8,0.8,0.9,0.9,1.1,1.1,0.8,1,0.9,1,1.3,1.1,1,1.1,1.5,1.2,1,1.2,1.3,0,0,0,0,0,0,0,0,0,0,0,0,0,0,0,0,0,0,0,0,0,0,0,0,0,0
MDG,Madagascar,5,,28701162,8.8,8.3,8,7.3,8.6,8.3,8.4,9.3,9.2,8.8,9.5,8.7,10,10.5,9.2,8.6,9.9,8.7,9.5,7.7,8.2,7.7,10.7,7.1,4.5,5,0.4,0.3,0.3,0.2,0.4,0.3,0.3,0.4,0.4,0.4,0.4,0.4,0.5,0.5,0.4,0.4,0.5,0.4,0.4,0.3,0.3,0.3,0.6,0.2,0,0,,,,,,,,,,,,,,,,,,,,,,,,,,
MDV,Maldives,5,,248081,7.9,8.1,7.6,8.4,8.8,11,10,11.6,8.5,9.9,8.3,9.4,11.5,9.5,11,10.9,11.8,9.8,9.4,10,10.7,8.3,9.4,9.4,9.7,7.5,0.3,0.3,0.3,0.3,0.4,0.6,0.5,0.6,0.3,0.5,0.3,0.4,0.6,0.4,0.6,0.6,0.7,0.5,0.4,0.5,0.6,0.3,0.4,0.4,0.5,0.2,,,,,,,,,,,,,,,,,,,,,,,,,,
MEX,México,5,12,129733289,16.2,15.4,15.5,15.6,16,15,15.9,15.3,15.2,14.5,15.9,15.4,16.2,14.4,15.3,15.4,16,16,17.2,15.7,17.5,16.7,16.6,18.2,13.6,18.5,1.1,1,1,1,1.1,1,1.1,1,1,0.9,1.1,1,1.1,0.9,1,1,1.1,1.1,1.2,1,1.2,1.1,1.1,1.3,0.8,1.3,0.4,0.3,0.3,0.4,0.4,0.3,0.4,0.3,0.3,0.2,0.4,0.3,0.4,0.2,0.3,0.3,0.4,0.4,0.5,0.4,0.5,0.5,0.5,0.6,0.2,0.6
MHL,Marshall Islands,5,,35201,0.6,0.6,0.5,0.5,0.6,0.7,0.6,0.6,0.7,0.7,0.6,0.6,0.8,0.9,0.7,0.7,0.7,0.8,0.8,0.7,0.7,0.8,0.7,0.6,0.6,0.7,0,0,0,0,0,0,0,0,0,0,0,0,0,0,0,0,0,0,0,0,0,0,0,0,0,0,,,,,,,,,,,,,,,,,,,,,,,,,,
MKD,Macedonia,5,,2124210,16.5,18.5,16.7,20.5,20.2,24,25.2,25.3,26.7,21.9,24.6,32.3,29.4,18.4,22.4,23.7,26.9,28,26.5,23.6,29.1,27.5,25.3,26.9,23,25.5,1.1,1.3,1.1,1.5,1.5,1.9,2,2,2.1,1.7,1.9,2.7,2.4,1.3,1.7,1.8,2.1,2.3,2.1,1.8,2.4,2.2,2,2.1,1.8,2,,,,,,,,,,,,,,,,,,,,,,,,,,
MLI,Mali,5,,21341547,6.4,6.2,7.2,6.3,6.5,6.2,6.9,6.3,7,6.8,5.9,7.2,7,7.6,6.8,6.3,6,6.3,6.7,6.7,6.6,5.4,5.6,6.8,6.4,6.7,0.1,0.1,0.2,0.1,0.1,0.1,0.2,0.1,0.2,0.2,0.1,0.2,0.2,0.3,0.2,0.1,0.1,0.1,0.2,0.2,0.2,0,0.1,0.2,0.1,0.2,,,,,,,,,,,,,,,,,,,,,,,,,,
MLT,Malta,5,10,454979,6.7,6.6,5.4,6.2,6,6.1,7,5.1,8,5.3,6.4,7.3,8.4,5.2,6.4,7.3,7.9,8.1,7.1,6.3,9.3,6.9,6.6,7.4,6.9,7.1,0.2,0.2,0,0.1,0.1,0.1,0.2,0,0.3,0,0.1,0.2,0.3,0,0.1,0.2,0.3,0.3,0.2,0.1,0.4,0.2,0.2,0.2,0.2,0.2,0,0,0,0,0,0,0,0,0,0,0,0,0,0,0,0,0,0,0,0,0,0,0,0,0,0
MMR,Myanmar,5,,56849057,33.4,28.4,31.8,31.7,31.4,30.7,27.7,30.3,29.3,31.1,30.4,29.1,27.8,31.1,31.8,28.3,31.1,28.1,27.6,28.8,25.2,23.6,23.4,22.8,24.6,24.2,2.8,2.3,2.6,2.6,2.6,2.5,2.2,2.5,2.4,2.6,2.5,2.4,2.2,2.6,2.6,2.3,2.6,2.3,2.2,2.3,2,1.8,1.8,1.7,1.9,1.9,,,,,,,,,,,,,,,,,,,,,,,,,,
MNE,Montenegro,5,25,577528,13.2,13,12.7,15,14,15.4,16.9,15.5,17.4,14.6,16.4,18.8,21.7,13.1,14.8,14.9,18.4,19.1,16.8,15.1,19,16.7,16.3,17.1,14.9,17,0.8,0.8,0.8,1,0.9,1,1.2,1,1.2,0.9,1.1,1.4,1.6,0.8,1,1,1.3,1.4,1.2,1,1.4,1.1,1.1,1.2,1,1.2,0,0,0,0,0,0,0,0,0,0,0,0,0,0,0,0,0,0,0,0,0,0,0,0,0,0
MNG,Mongolia,5,25,3253113,27.5,30.6,34.6,32.4,29.8,28.8,31.3,33.3,28.9,32.9,32.7,33.6,32.5,29.6,30.1,33.1,32,31.4,26.4,23.8,30.7,27.8,24.8,25.8,24.1,28.4,2.2,2.5,2.9,2.7,2.4,2.3,2.6,2.8,2.3,2.7,2.7,2.8,2.7,2.4,2.5,2.8,2.6,2.6,2.1,1.8,2.5,2.2,1.9,2,1.9,2.3,0.2,0.5,0.9,0.7,0.5,0.4,0.6,0.8,0.4,0.8,0.8,0.8,0.7,0.5,0.5,0.8,0.7,0.6,0.1,0,0.6,0.3,0,0.1,0,0.3
MNP,Northern Mariana Islands,5,9,48337,0.5,0.7,0.6,0.5,0.6,0.6,0.9,0.7,1,1.1,0.9,1,0.9,0.8,0.9,1.2,1,1.1,1.1,1.2,0.9,0.9,0.9,0.8,0.7,0.7,0,0,0,0,0,0,0,0,0,0,0,0,0,0,0,0,0,0,0,0,0,0,0,0,0,0,0,0,0,0,0,0,0,0,0,0,0,0,0,0,0,0,0,0,0,0,0,0,0,0,0,0
MOZ,Mozambique,5,,32408822,13.6,12.8,10.6,9.7,12.5,12.4,10.8,11.4,12.3,11.2,12.6,13.1,12.9,15.1,13.1,14.4,15.8,14.2,15.3,13,13.8,12.7,16.5,12.5,11.3,13.7,0.8,0.8,0.5,0.5,0.7,0.7,0.6,0.6,0.7,0.6,0.7,0.8,0.8,1,0.8,0.9,1.1,0.9,1,0.8,0.9,0.8,1.1,0.7,0.6,0.9,,,,,,,,,,,,,,,,,,,,,,,,,,
MRT,Mauritania,5,,4281847,3.4,3.3,3.7,3.3,3.2,3,3.2,3.2,3.2,3.2,2.9,3.6,3.3,3.6,3.3,3.1,3.1,3.3,3.2,3.2,3.6,2.8,2.8,3.3,3.6,3.5,0,0,0,0,0,0,0,0,0,0,0,0,0,0,0,0,0,0,0,0,0,0,0,0,0,0,,,,,,,,,,,,,,,,,,,,,,,,,,
MSR,Montserrat,5,,5294,2.6,2.2,2.7,2.5,2.7,2.7,2.9,2.6,2.4,2.4,2.2,2.8,2.8,3.7,3,2.6,2.7,3.3,3.3,2.6,2.8,2.4,3,2.6,3.4,2.9,0,0,0,0,0,0,0,0,0,0,0,0,0,0,0,0,0,0,0,0,0,0,0,0,0,0,,,,,,,,,,,,,,,,,,,,,,,,,,
MTQ,Martinique,5,,334660,3.3,3,3.4,3.3,3.3,3.3,3.4,3.5,3.1,2.6,2.6,3.2,3.2,4,3.5,3,2.8,3.2,3.3,3,3,2.7,3.4,3,3.5,2.9,0,0,0,0,0,0,0,0,0,0,0,0,0,0,0,0,0,0,0,0,0,0,0,0,0,0,,,,,,,,,,,,,,,,,,,,,,,,,,
MUS,Mauritius,5,,1270170,5.2,4.6,4.7,4.4,5.2,5.5,5.2,5.3,5.1,4.8,5.3,5,5.6,5.6,4.9,4.7,4.9,4.6,6,4.7,4.4,4.5,4.5,4.4,4.9,4.9,0,0,0,0,0,0,0,0,0,0,0,0,0.1,0.1,0,0,0,0,0.1,0,0,0,0,0,0,0,,,,,,,,,,,,,,,,,,,,,,,,,,
MWI,Malawi,5,,20908724,18.4,18.3,14.6,14.4,17.9,16.7,14.7,15.4,16.7,16.2,17.5,18.5,18.9,20.4,17.9,20.1,21.3,18.7,20.7,18.3,19.7,18.6,21.9,16.1,10.6,13,1.3,1.3,0.9,0.9,1.3,1.1,1,1,1.1,1.1,1.2,1.3,1.4,1.5,1.3,1.5,1.6,1.3,1.5,1.3,1.4,1.3,1.7,1.1,0.5,0.8,,,,,,,,,,,,,,,,,,,,,,,,,,
MYS,Malaysia,5,15,33894899,16.3,14.9,14,13.6,21.2,16.1,14.3,15.3,24.2,19.5,17.7,17.3,15.9,12.2,17.5,12.7,13.4,21.1,16.4,16.2,13.5,16.1,11.8,12.7,10.5,11.1,1.1,1,0.9,0.8,1.6,1.1,0.9,1,1.9,1.4,1.2,1.2,1.1,0.7,1.2,0.8,0.8,1.6,1.1,1.1,0.8,1.1,0.7,0.8,0.5,0.6,0.1,0,0,0,0.6,0.1,0,0,0.9,0.4,0.3,0.2,0.1,0,0.2,0,0,0.6,0.1,0.1,0,0.1,0,0,0,0
MYT,Mayotte,5,,280356,6.6,6.8,5.5,5.9,6,6.1,6.7,6,6.3,5.7,7.8,6.6,8.2,7.8,8.3,7.2,8.1,8,6.8,5.8,6.8,6.6,7.1,6.5,7.4,7,0.2,0.2,0,0.1,0.1,0.1,0.2,0.1,0.1,0.1,0.3,0.2,0.3,0.3,0.3,0.2,0.3,0.3,0.2,0.1,0.2,0.2,0.2,0.1,0.2,0.2,,,,,,,,,,,,,,,,,,,,,,,,,,
NAM,Namibia,5,,2752741,15,16.3,12.9,11.6,12.8,13.2,13.1,13,13.8,12.1,14,15.2,17.3,19.1,15.7,18.9,15.5,15.3,17.4,13.3,14.3,14.6,15,13.9,12.8,14.2,1,1.1,0.8,0.6,0.8,0.8,0.8,0.8,0.9,0.7,0.9,1,1.2,1.4,1,1.4,1,1,1.2,0.8,0.9,0.9,1,0.9,0.8,0.9,,,,,,,,,,,,,,,,,,,,,,,,,,
NCL,New Caledonia,5,,282825,2.8,3.8,2.9,2.6,3.5,3.3,3,3.3,2.7,2.9,3,2.8,3.3,3,2.8,3.2,2.8,2.4,2.6,2.6,2.5,2.8,3.2,2.9,2.3,2.6,0,0,0,0,0,0,0,0,0,0,0,0,0,0,0,0,0,0,0,0,0,0,0,0,0,0,,,,,,,,,,,,,,,,,,,,,,,,,,
NER,Niger,5,,25382753,9.5,9.6,8.2,9.2,9.5,9.5,9.6,9.4,9.8,9.1,8.4,10.5,10,11.4,10.3,9.8,9.5,9.9,9.4,9,9,7.9,7.6,7.8,7.7,9.2,0.4,0.5,0.3,0.4,0.4,0.4,0.5,0.4,0.5,0.4,0.3,0.5,0.5,0.6,0.5,0.5,0.4,0.5,0.4,0.4,0.4,0.3,0.3,0.3,0.3,0.4,,,,,,,,,,,,,,,,,,,,,,,,,,
NFK,Norfolk Island,5,,2143,1.5,1.3,1.5,1.6,2.6,1.4,1.5,1.4,1.5,1.7,1.5,1.5,1.7,1.6,1.8,1.4,1.6,1.7,1.6,1.6,1.7,1.8,1.5,1.5,1.4,1.5,0,0,0,0,0,0,0,0,0,0,0,0,0,0,0,0,0,0,0,0,0,0,0,0,0,0,,,,,,,,,,,,,,,,,,,,,,,,,,
NGA,Nigeria,5,20,229942843,22.9,24.2,23.1,24.4,23.4,23.8,24.5,24.3,22.4,21.1,21.3,23.2,23.3,24.3,23,24.7,22.8,22,23.3,23,21.7,22.2,22.4,21.1,18,21,1.8,1.9,1.8,1.9,1.8,1.8,1.9,1.9,1.7,1.6,1.6,1.8,1.8,1.9,1.8,1.9,1.7,1.7,1.8,1.8,1.6,1.7,1.7,1.6,1.3,1.6,0.3,0.4,0.3,0.4,0.3,0.4,0.4,0.4,0.2,0.1,0.1,0.3,0.3,0.4,0.3,0.5,0.3,0.2,0.3,0.3,0.2,0.2,0.2,0.1,0,0.1
NIC,Nicaragua,5,,6585703,15.2,14.4,13.1,15.3,13.8,13.4,15.2,14.5,12.8,12.7,14.9,13.9,16.1,16.6,13,14.3,15.4,14,17.2,13.4,15.6,13.1,13.8,13.7,12.1,16.3,1,0.9,0.8,1,0.9,0.8,1,0.9,0.8,0.8,1,0.9,1.1,1.1,0.8,0.9,1,0.9,1.2,0.8,1,0.8,0.9,0.9,0.7,1.1,,,,,,,,,,,,,,,,,,,,,,,,,,
NIU,Niue,5,,1613,1,1,0.8,0.8,0.8,0.9,1,0.7,0.9,0.8,0.9,0.9,0.9,1,1.1,1.1,0.9,1.1,1,1,0.8,1,0.9,0.9,0.8,0.8,0,0,0,0,0,0,0,0,0,0,0,0,0,0,0,0,0,0,0,0,0,0,0,0,0,0,,,,,,,,,,,,,,,,,,,,,,,,,,
NLD,Netherlands,5,10,17645344,7.6,8.3,9,7.9,9.6,11,10.6,10.6,10.8,12.2,12.6,12,14.9,15.1,14.9,14.6,13.5,13.2,12.8,13.3,15.1,13.6,12.5,13.3,13.1,14.7,0.3,0.3,0.4,0.3,0.5,0.6,0.5,0.5,0.6,0.7,0.7,0.7,1,1,1,0.9,0.8,0.8,0.8,0.8,1,0.8,0.7,0.8,0.8,1,0,0,0,0,0,0.1,0.1,0.1,0.1,0.2,0.3,0.2,0.5,0.5,0.5,0.5,0.3,0.3,0.3,0.3,0.5,0.4,0.2,0.3,0.3,0.5
NOR,Norway,5,5,4934270,5.2,4.9,5.5,4.2,5.2,5.8,5,5.4,5,6.2,5.9,5.9,6.8,7,6.7,6.2,5.8,7.4,6.1,6.2,7.6,7.2,6.7,7.2,7.4,7.6,0,0,0,0,0,0.1,0,0,0,0.1,0.1,0.1,0.2,0.2,0.2,0.1,0.1,0.2,0.1,0.1,0.3,0.2,0.2,0.2,0.2,0.3,0,0,0,0,0,0.1,0,0,0,0.1,0.1,0.1,0.2,0.2,0.2,0.1,0.1,0.2,0.1,0.1,0.3,0.2,0.2,0.2,0.2,0.3
NPL,Nepal,5,,30964293,38.3,37.9,43.5,38.8,39.9,44.6,40.4,43.7,41,39.1,37.7,39.7,39.3,38.1,43.7,39.8,37.7,36.8,31.8,33.2,31.5,30.4,34.2,30.6,22.9,22.1,3.3,3.2,3.8,3.3,3.4,3.9,3.5,3.8,3.5,3.3,3.2,3.4,3.4,3.2,3.8,3.4,3.2,3.1,2.6,2.8,2.6,2.5,2.9,2.5,1.8,1.7,,,,,,,,,,,,,,,,,,,,,,,,,,
NRU,Nauru,5,,5650,1.7,1,0.9,1.2,2.2,1.5,1.2,1.3,2.5,1.8,1.3,1.4,1.1,1.3,1.7,1.1,1.3,1.9,1.5,1.7,1.5,2,1.3,1.1,1,1.2,0,0,0,0,0,0,0,0,0,0,0,0,0,0,0,0,0,0,0,0,0,0,0,0,0,0,,,,,,,,,,,,,,,,,,,,,,,,,,
NZL,New Zealand,5,10,4953829,3.4,3.7,3.6,3.8,4.8,3.4,3.8,3.2,3.3,3.3,3.7,3.4,3.5,3.5,3.3,3.4,3.5,3.3,3.4,3.1,3.5,3.1,3.4,3.2,3.1,2.9,0,0,0,0,0,0,0,0,0,0,0,0,0,0,0,0,0,0,0,0,0,0,0,0,0,0,0,0,0,0,0,0,0,0,0,0,0,0,0,0,0,0,0,0,0,0,0,0,0,0,0,0
OMN,Oman,5,,3733885,13.6,12.5,10.5,9.3,11.6,11.8,10,11.4,10.7,11.6,10.8,11.3,10.2,11,11.6,10.1,9.5,10.3,8.3,8.2,8.2,9.2,8.7,8.9,9.4,8.7,0.8,0.7,0.5,0.4,0.6,0.7,0.5,0.6,0.6,0.6,0.6,0.6,0.5,0.6,0.6,0.5,0.4,0.5,0.3,0.3,0.3,0.4,0.4,0.4,0.4,0.4,,,,,,,,,,,,,,,,,,,,,,,,,,
PAK,Pakistan,5,35,247506652,39,36.7,37.5,37.1,36.7,35.2,35.9,35.8,38.7,34,34,32.3,35.4,36.9,31.5,32.7,33.6,33,30.2,27.7,28.2,27,28,26.8,23.4,25,3.3,3.1,3.2,3.1,3.1,3,3,3,3.3,2.8,2.8,2.7,3,3.1,2.6,2.7,2.8,2.7,2.5,2.2,2.3,2.2,2.3,2.1,1.8,2,0.4,0.2,0.2,0.2,0.2,0,0.1,0.1,0.4,0,0,0,0,0.2,0,0,0,0,0,0,0,0,0,0,0,0
PAN,Panama,5,15,4363515,10.2,9.8,9,9.4,10,9.7,10.1,10.3,9.8,9.9,9.7,10.1,9.5,10.2,8.4,8.1,8.5,8.7,9.2,7.8,9.5,7.7,9,7.4,6.5,8.4,0.5,0.5,0.4,0.4,0.5,0.5,0.5,0.5,0.5,0.5,0.5,0.5,0.4,0.5,0.3,0.3,0.3,0.4,0.4,0.3,0.4,0.3,0.4,0.2,0.1,0.3,0,0,0,0,0,0,0,0,0,0,0,0,0,0,0,0,0,0,0,0,0,0,0,0,0,0
PCN,Pitcairn Islands,5,,22,1.5,1.9,1.4,1.6,1.8,1.6,1.7,1.5,1.6,1.5,1.7,1.9,1.6,1.6,1.9,1.9,1.8,1.7,1.7,1.6,1.5,1.7,1.5,1.3,1.2,1.1,0,0,0,0,0,0,0,0,0,0,0,0,0,0,0,0,0,0,0,0,0,0,0,0,0,0,,,,,,,,,,,,,,,,,,,,,,,,,,
PER,Peru,5,25,32376669,24.2,26,23.5,23.7,25.3,24.6,26.3,25.9,24.4,23.3,24.8,24.9,24.2,25.3,22.8,23,24.6,24.6,27,24.7,25.8,23.3,23.3,23,19,20,1.9,2.1,1.8,1.8,2,1.9,2.1,2,1.9,1.8,1.9,2,1.9,2,1.7,1.8,1.9,1.9,2.2,1.9,2,1.8,1.8,1.8,1.4,1.5,0,0.1,0,0,0,0,0.1,0.1,0,0,0,0,0,0,0,0,0,0,0.2,0,0.1,0,0,0,0,0
PHL,Philippines,5,25,112652573,17.1,18,17.1,16.5,18.1,15.8,17.5,16.4,17.7,17.9,16.8,16.8,16.8,15.9,18.3,15.7,16.5,16.6,18.7,18,16.7,16.3,16.2,16,13.8,14.4,1.2,1.3,1.2,1.1,1.3,1.1,1.2,1.1,1.2,1.3,1.2,1.2,1.2,1.1,1.3,1,1.1,1.1,1.3,1.3,1.1,1.1,1.1,1.1,0.9,0.9,0,0,0,0,0,0,0,0,0,0,0,0,0,0,0,0,0,0,0,0,0,0,0,0,0,0
PLW,Palau,5,12,18842,2.5,2,1.7,1.4,2,1.9,1.7,1.8,4,3,1.9,2.2,2,1.3,3,1.6,1.9,2.5,2.2,2.9,2.5,2.6,2.2,1.8,1.8,1.1,0,0,0,0,0,0,0,0,0,0,0,0,0,0,0,0,0,0,0,0,0,0,0,0,0,0,0,0,0,0,0,0,0,0,0,0,0,0,0,0,0,0,0,0,0,0,0,0,0,0,0,0
PNG,Papua New Guinea,5,,9523733,11.7,13,12.2,10.7,10.9,11.7,11.2,10.6,12.1,11.6,11.7,10.3,9.7,11.2,10.3,10.8,10.2,10,8.4,10.3,8.2,8.6,8.2,8.3,4.5,3.9,0.7,0.8,0.7,0.6,0.6,0.7,0.6,0.5,0.7,0.6,0.7,0.5,0.5,0.6,0.5,0.6,0.5,0.5,0.3,0.5,0.3,0.4,0.3,0.3,0,0,,,,,,,,,,,,,,,,,,,,,,,,,,
POL,Poland,5,10,39126330,12.9,14.2,17.1,14.7,16.2,19.2,19.8,18.9,19.4,21.2,20.8,21.8,24.1,26.3,22.7,20,20.3,26.4,23.9,22.9,26,27.6,24.4,22.3,23.9,25.5,0.8,0.9,1.2,1,1.1,1.4,1.5,1.4,1.4,1.6,1.5,1.6,1.9,2.1,1.7,1.5,1.5,2.1,1.9,1.8,2.1,2.2,1.9,1.7,1.9,2,0.3,0.4,0.7,0.5,0.6,0.9,1,0.9,0.9,1.1,1.1,1.2,1.4,1.6,1.2,1,1,1.6,1.4,1.3,1.6,1.7,1.4,1.2,1.4,1.5
PRI,Puerto Rico,5,9,3018907,2.7,2.1,2.7,2.6,2.8,2.7,2.9,2.3,2.1,2.3,2.1,2.3,2.1,3.2,2.2,2.1,2.5,2.9,2.9,2.1,2.4,2.2,2.7,2.5,3.1,2.4,0,0,0,0,0,0,0,0,0,0,0,0,0,0,0,0,0,0,0,0,0,0,0,0,0,0,0,0,0,0,0,0,0,0,0,0,0,0,0,0,0,0,0,0,0,0,0,0,0,0,0,0
PRK,North Korea,5,,26012474,19.9,18,18.7,19.9,19.2,19,22.1,23.3,26.9,28.7,21.3,22.4,21.9,17.8,22.7,23.9,22.8,25.7,21.6,20.2,26.1,17.6,20,18.7,16.7,17.5,1.5,1.3,1.3,1.5,1.4,1.4,1.7,1.8,2.1,2.3,1.6,1.7,1.7,1.3,1.7,1.9,1.7,2,1.6,1.5,2.1,1.2,1.5,1.3,1.1,1.2,,,,,,,,,,,,,,,,,,,,,,,,,,
PRT,Portugal,5,10,10116629,5.7,4.9,5.4,5.2,4.9,5.8,6,5.5,5.8,5,6.2,5.8,6.5,5.9,6.2,5.2,8.7,8.6,12.1,8,9.8,8.6,8.5,8.3,8.6,9.3,0.1,0,0,0,0,0.1,0.1,0,0.1,0,0.1,0.1,0.1,0.1,0.1,0,0.4,0.4,0.7,0.3,0.5,0.4,0.3,0.3,0.4,0.4,0,0,0,0,0,0,0,0,0,0,0,0,0,0,0,0,0,0,0.2,0,0,0,0,0,0,0
PRY,Paraguay,5,15,7435433,17,13.8,15.2,17.8,14.8,11.9,13,12.5,13.7,12.5,10.8,12.8,12.4,15,12.7,12.8,20.3,14.6,15.7,15.6,16.2,18.4,15.1,13.6,17.9,14.4,1.2,0.9,1,1.3,1,0.7,0.8,0.7,0.9,0.7,0.6,0.8,0.7,1,0.8,0.8,1.5,0.9,1,1,1.1,1.3,1,0.8,1.3,0.9,0.2,0,0,0.3,0,0,0,0,0,0,0,0,0,0,0,0,0.5,0,0.1,0.1,0.1,0.3,0,0,0.3,0
PSE,Palestine,5,,5213609,12.6,13.2,11.7,11.9,10.6,10.9,11.1,10.1,10.9,9.8,9.5,11.7,10.7,9.5,9.5,10,10,10.1,8.9,9.1,9,9.9,10.8,12.1,9.6,9.3,0.7,0.8,0.7,0.7,0.5,0.6,0.6,0.5,0.6,0.5,0.4,0.7,0.6,0.4,0.4,0.5,0.5,0.5,0.4,0.4,0.4,0.5,0.6,0.7,0.5,0.4,,,,,,,,,,,,,,,,,,,,,,,,,,
PYF,French Polynesia,5,,243427,1.1,1.2,1,1.1,1.2,1.1,1,1,1.2,1.3,1.1,1.1,1,1.1,1.2,1.1,1.4,1.3,1.6,1.3,1.5,1.6,1.4,1.2,1.1,1,0,0,0,0,0,0,0,0,0,0,0,0,0,0,0,0,0,0,0,0,0,0,0,0,0,0,,,,,,,,,,,,,,,,,,,,,,,,,,
QAT,Qatar,5,,2496410,36.2,36.5,29.5,28.2,31.2,29.8,31.5,27.2,27.1,27.8,27,30,26.7,28.3,27.3,23.2,21.8,22.2,19,17.7,18.7,20.4,17.7,20.5,20.2,20.5,3.1,3.1,2.4,2.3,2.6,2.4,2.6,2.2,2.2,2.2,2.2,2.5,2.1,2.3,2.2,1.8,1.6,1.7,1.4,1.2,1.3,1.5,1.2,1.5,1.5,1.5,,,,,,,,,,,,,,,,,,,,,,,,,,
REU,Réunion,5,,856510,2.7,2.3,2.5,2.4,3.2,3.1,3,3.1,3.1,2.7,3.1,2.9,3,3.2,2.5,2.6,2.7,2.6,3,2.6,2.4,2.3,2.5,2.4,2.3,2.5,0,0,0,0,0,0,0,0,0,0,0,0,0,0,0,0,0,0,0,0,0,0,0,0,0,0,,,,,,,,,,,,,,,,,,,,,,,,,,
ROU,Romania,5,10,18324108,11.9,12.7,12.8,13.2,13.6,15.4,17.1,15.1,15.4,15,15,18.1,19.7,14.6,16.3,15.9,16.8,19.7,18.5,17.7,19.2,19.4,18.3,17.5,18.4,19.3,0.7,0.8,0.8,0.8,0.8,1,1.2,1,1,1,1,1.3,1.4,0.9,1.1,1.1,1.2,1.4,1.3,1.2,1.4,1.4,1.3,1.2,1.3,1.4,0.2,0.3,0.3,0.3,0.4,0.5,0.7,0.5,0.5,0.5,0.5,0.8,1,0.5,0.6,0.6,0.7,1,0.8,0.8,0.9,0.9,0.8,0.7,0.8,0.9
RUS,Russia,5,25,140316650,9.3,8.8,9.5,9.1,10.1,9.5,10.7,10.4,10.1,11.2,10.6,12,10.8,14.4,12.2,11.6,10.9,12.9,12,11.5,13.1,14.2,12.4,12.2,12.6,13.5,0.4,0.4,0.4,0.4,0.5,0.4,0.6,0.5,0.5,0.6,0.5,0.7,0.6,0.9,0.7,0.6,0.6,0.8,0.7,0.6,0.8,0.9,0.7,0.7,0.7,0.8,0,0,0,0,0,0,0,0,0,0,0,0,0,0,0,0,0,0,0,0,0,0,0,0,0,0
RWA,Rwanda,5,35,13392047,30.3,35.8,35.9,37.8,39,34.1,33.3,39.8,39.8,37.3,40.3,41,37.2,36.1,32.3,36,37.5,30.3,34.8,35.1,29.9,33.7,39.1,34.8,21.8,29.1,2.5,3,3,3.2,3.3,2.9,2.8,3.4,3.4,3.2,3.5,3.5,3.2,3,2.7,3,3.2,2.5,2.9,2.9,2.4,2.8,3.3,2.9,1.6,2.4,0,0.1,0.1,0.3,0.4,0,0,0.5,0.5,0.2,0.5,0.6,0.2,0.1,0,0.1,0.2,0,0,0,0,0,0.4,0,0,0
SAU,Saudi Arabia,5,15,34501924,25.8,26.6,24.2,22,24,24,26.4,23.3,24.2,23.3,20.3,23.5,23.5,22.7,21.2,20.9,19.2,19.4,16.8,14.8,16.7,16.3,15.4,18.4,19,16.1,2,2.1,1.9,1.7,1.9,1.9,2.1,1.8,1.9,1.8,1.5,1.8,1.8,1.7,1.6,1.6,1.4,1.4,1.2,1,1.1,1.1,1,1.3,1.4,1.1,1.1,1.1,0.9,0.7,0.9,0.9,1.1,0.8,0.9,0.8,0.5,0.8,0.8,0.8,0.6,0.6,0.4,0.4,0.2,0,0.2,0.1,0,0.3,0.4,0.1
SDN,Sudan,5,10,49149578,8.7,9.3,10.2,8.6,8.8,8.8,10,8.7,8.4,8.9,7.4,8.9,9.1,9.2,8.2,8.6,8.8,9.1,8.3,7.8,8,8.3,7.7,8.3,8.5,8.5,0.4,0.4,0.5,0.4,0.4,0.4,0.5,0.4,0.3,0.4,0.2,0.4,0.4,0.4,0.3,0.4,0.4,0.4,0.3,0.3,0.3,0.3,0.3,0.3,0.3,0.3,0,0,0,0,0,0,0,0,0,0,0,0,0,0,0,0,0,0,0,0,0,0,0,0,0,0
SEN,Senegal,5,25,18193753,5.5,5.6,5.7,5.7,5.4,4.6,5.1,4.8,5.7,4.9,5,5.3,5,5.5,5,4.8,4.4,4.9,4.8,4.5,4.9,3.9,4.3,5.1,5.7,5.5,0,0.1,0.1,0.1,0,0,0,0,0.1,0,0,0,0,0,0,0,0,0,0,0,0,0,0,0,0.1,0,0,0,0,0,0,0,0,0,0,0,0,0,0,0,0,0,0,0,0,0,0,0,0,0,0,0
SGP,Singapore,5,10,5943652,17.1,14.9,13.9,12.1,20.3,16.2,14.3,14.4,29.1,19,23.1,18.1,14.7,11.5,19.9,11.8,13.6,26.4,14.8,15.8,12.8,18.6,13.7,15,13.5,11.9,1.2,1,0.9,0.7,1.5,1.1,0.9,0.9,2.4,1.4,1.8,1.3,1,0.6,1.5,0.7,0.8,2.1,1,1.1,0.8,1.3,0.9,1,0.8,0.7,0.7,0.5,0.4,0.2,1,0.6,0.4,0.4,1.9,0.9,1.3,0.8,0.5,0.1,1,0.2,0.4,1.6,0.5,0.6,0.3,0.8,0.4,0.5,0.3,0.2
SGS,South Georgia and the South Sand,5,,0,,,,,,,,,,,,,,,,,,,,,,,,,,,,,,,,,,,,,,,,,,,,,,,,,,,,,,,,,,,,,,,,,,,,,,,,,,,,,,
SHN,"Saint Helena, Ascension and Tris",5,,7679,1.8,2.3,2,1.9,2.6,1.8,2.3,2.1,2.3,2,2.3,2.3,3.4,3,2.7,3,3.2,2.6,3.2,2.7,2.6,2.1,2,2.3,2.3,2.8,0,0,0,0,0,0,0,0,0,0,0,0,0,0,0,0,0,0,0,0,0,0,0,0,0,0,,,,,,,,,,,,,,,,,,,,,,,,,,
SJM,Svalbard and Jan Mayen,5,,0,,,,,,,,,,,,,,,,,,,,,,,,,,,,,,,,,,,,,,,,,,,,,,,,,,,,,,,,,,,,,,,,,,,,,,,,,,,,,,
SLB,Solomon Islands,5,,564798,6.3,6.1,4.7,5.4,5.8,6.4,7.2,6.2,6.6,6.8,6.5,5,4.9,5.1,5.1,3.8,5.5,5,3.9,4.7,3.7,4.3,4.1,3.3,2.1,2.6,0.1,0.1,0,0,0.1,0.1,0.2,0.1,0.2,0.2,0.1,0,0,0,0,0,0,0,0,0,0,0,0,0,0,0,,,,,,,,,,,,,,,,,,,,,,,,,,
SLE,Sierra Leone,5,,8811946,9.6,9.1,9.1,9.8,10.5,9.9,9.9,10.9,10.4,10.9,11.2,9.9,11.1,11.5,13.1,11.1,10.4,10.7,11.2,12,10.8,9.4,10.2,11.6,13,16.2,0.5,0.4,0.4,0.5,0.5,0.5,0.5,0.6,0.5,0.6,0.6,0.5,0.6,0.6,0.8,0.6,0.5,0.6,0.6,0.7,0.6,0.4,0.5,0.6,0.8,1.1,,,,,,,,,,,,,,,,,,,,,,,,,,
SLV,El Salvador,5,15,6559076,27.3,25.7,24.6,27.5,26.7,25.4,26.7,25.8,24.2,25.2,28,25.5,29.4,28.9,26.8,25.7,26.1,23,28.1,21.2,25.3,21.3,22.4,23.9,20.1,28.1,2.2,2,1.9,2.2,2.1,2,2.1,2,1.9,2,2.3,2,2.4,2.3,2.1,2,2.1,1.8,2.3,1.6,2,1.6,1.7,1.9,1.5,2.3,1.2,1,0.9,1.2,1.1,1,1.1,1.1,0.9,1,1.3,1,1.4,1.4,1.2,1,1.1,0.8,1.3,0.6,1,0.6,0.7,0.9,0.5,1.3
SMR,San Marino,5,,35335,10.8,10.8,9.2,10.4,9.5,10.3,12.1,11,13.5,9.1,12.6,13.7,15,12.9,12.9,12.1,15.6,19.1,15.9,13.3,17.4,14.9,13.9,14.8,13.5,14.3,0.6,0.6,0.4,0.5,0.4,0.5,0.7,0.6,0.8,0.4,0.7,0.9,1,0.8,0.8,0.7,1,1.4,1.1,0.8,1.2,1,0.9,1,0.8,0.9,,,,,,,,,,,,,,,,,,,,,,,,,,
SOM,Somalia,5,,12627373,8.3,7.7,7.5,6.3,7.9,8.4,7.7,7.8,8.2,7.9,7.3,8.3,9.5,8.6,8.9,7.7,9,8.6,7.5,8.5,7.6,7.3,6.8,7.5,7.1,5.2,0.3,0.3,0.2,0.1,0.3,0.3,0.3,0.3,0.3,0.3,0.2,0.3,0.4,0.4,0.4,0.3,0.4,0.4,0.2,0.3,0.3,0.2,0.2,0.2,0.2,0,,,,,,,,,,,,,,,,,,,,,,,,,,
SPM,Saint Pierre and Miquelon,5,,4981,4.4,3.4,3.3,3.8,3.2,3.4,4.1,3.2,4.1,4.2,4.5,3.1,3.9,3.6,4.1,3.5,3.3,3.9,3.8,3.4,4.1,4,3.6,4,4.7,4.6,0,0,0,0,0,0,0,0,0,0,0,0,0,0,0,0,0,0,0,0,0,0,0,0,0,0,,,,,,,,,,,,,,,,,,,,,,,,,,
SRB,Serbia,5,25,6724878,14.7,16.1,16.2,18.1,17.8,20,20.9,20.1,20.5,17.9,20.7,23.3,26.6,17.3,21.3,19.7,20,23.3,22.7,20.1,22.8,21.5,20.9,19.4,21.1,22.7,1,1.1,1.1,1.3,1.3,1.5,1.6,1.5,1.5,1.3,1.5,1.8,2.1,1.2,1.6,1.4,1.5,1.8,1.7,1.5,1.7,1.6,1.6,1.4,1.6,1.7,0,0,0,0,0,0,0,0,0,0,0,0,0.2,0,0,0,0,0,0,0,0,0,0,0,0,0
SSD,South Sudan,5,,12141236,13.5,15.9,17.1,16.4,16.1,15,16.2,16.5,15.5,16.9,16.5,16.6,18,17.2,16.1,15.2,16.4,14.5,15.8,14.6,15.9,14.4,15.8,14.3,12.4,16.6,0.8,1.1,1.2,1.1,1.1,1,1.1,1.1,1,1.2,1.1,1.1,1.3,1.2,1.1,1,1.1,0.9,1.1,0.9,1.1,0.9,1.1,0.9,0.7,1.1,,,,,,,,,,,,,,,,,,,,,,,,,,
STP,São Tomé and Príncipe,5,,204389,10.3,10.1,9.9,11,9.6,9.1,10.1,11.2,12.1,8.7,11.6,11.5,12.4,12.1,10.8,12,11.9,10.5,11.1,12.8,12,12.9,14,14.1,8.1,11.6,0.5,0.5,0.5,0.6,0.5,0.4,0.5,0.6,0.7,0.4,0.6,0.6,0.7,0.7,0.6,0.7,0.7,0.5,0.6,0.8,0.7,0.8,0.9,0.9,0.3,0.6,,,,,,,,,,,,,,,,,,,,,,,,,,
SUR,Suriname,5,,655684,6.8,6,5.9,5.6,5.8,5.6,5.6,5.9,5.8,5.6,5.8,6.5,6.2,6.8,6.6,7.1,6.1,6.7,7,6.4,6.3,5.6,6.1,5.1,4.6,4,0.2,0.1,0.1,0.1,0.1,0.1,0.1,0.1,0.1,0.1,0.1,0.1,0.1,0.2,0.2,0.2,0.1,0.2,0.2,0.1,0.1,0.1,0.1,0,0,0,,,,,,,,,,,,,,,,,,,,,,,,,,
SVK,Slovakia,5,10,5572920,11.2,12.2,13.6,12.6,13.3,15.8,16.9,15.8,16.9,16.5,18.4,18.8,21.9,20.2,19.4,17.1,17.1,23.4,22,20.3,22.8,23.7,21.9,20.1,22.1,22.6,0.6,0.7,0.8,0.7,0.8,1.1,1.2,1.1,1.2,1.1,1.3,1.4,1.7,1.5,1.4,1.2,1.2,1.8,1.7,1.5,1.7,1.8,1.7,1.5,1.7,1.7,0.1,0.2,0.4,0.3,0.3,0.6,0.7,0.6,0.7,0.6,0.8,0.9,1.2,1,0.9,0.7,0.7,1.3,1.2,1,1.3,1.3,1.2,1,1.2,1.2
SVN,Slovenia,5,10,1961661,10.8,11.3,10.8,11.7,11,13.9,14.4,13.5,14.8,12.3,14.7,15.6,18.7,16,15.6,15.4,15.5,19.4,18.9,16.9,19.3,18.8,18.3,17,17,18,0.6,0.6,0.6,0.7,0.6,0.9,0.9,0.8,1,0.7,1,1,1.3,1.1,1,1,1,1.4,1.4,1.2,1.4,1.4,1.3,1.2,1.2,1.3,0.1,0.1,0.1,0.2,0.1,0.4,0.4,0.3,0.5,0.2,0.5,0.5,0.9,0.6,0.5,0.5,0.5,0.9,0.9,0.7,0.9,0.9,0.8,0.7,0.7,0.8
SWE,Sweden,5,10,10379282,4.7,4.6,5,4.4,5.1,5.8,4.9,5.2,5.3,6.8,5.5,5.8,7,6.7,6.5,6.5,6.4,8,7.2,6.8,7.7,7.5,6.7,7.5,7.8,7.7,0,0,0,0,0,0.1,0,0,0,0.2,0,0.1,0.2,0.2,0.1,0.1,0.1,0.3,0.2,0.2,0.3,0.2,0.2,0.2,0.3,0.3,0,0,0,0,0,0,0,0,0,0,0,0,0,0,0,0,0,0,0,0,0,0,0,0,0,0
SWZ,Swaziland,5,,1136765,15.9,17.2,16.2,14,15.6,14.2,14,13.4,14.7,14,15.3,16,14,16.9,14.5,15,16.2,14.3,16.3,15.4,13.6,14.8,16.3,17.7,18.2,22.4,1.1,1.2,1.1,0.9,1,0.9,0.9,0.8,1,0.9,1,1.1,0.9,1.2,0.9,1,1.1,0.9,1.1,1,0.8,1,1.1,1.2,1.3,1.7,,,,,,,,,,,,,,,,,,,,,,,,,,
SXM,Sint Maarten,5,,41734,2.6,2.1,2.6,2.5,2.5,2.5,2.9,2.7,2.5,2.4,2.1,3,2.5,3.7,2.8,2.5,2.9,3.3,3.4,2.4,2.7,2.5,3.3,2.9,3.3,2.7,0,0,0,0,0,0,0,0,0,0,0,0,0,0,0,0,0,0,0,0,0,0,0,0,0,0,,,,,,,,,,,,,,,,,,,,,,,,,,
SYC,Seychelles,5,,85208,4.2,3.9,3.5,3.2,4.9,4.5,4.9,4.9,3.6,4.3,4.3,4.3,5,4.6,5.3,3.9,4.9,4.5,3.9,4,4.4,3.6,3.3,3.9,3.7,3.3,0,0,0,0,0,0,0,0,0,0,0,0,0,0,0,0,0,0,0,0,0,0,0,0,0,0,,,,,,,,,,,,,,,,,,,,,,,,,,
SYR,Syria,5,,22672714,18.1,19.3,15.3,16.4,16.5,16.1,16.1,13.6,15.6,15.2,15,18.2,16.7,13.9,14.8,13.9,14.2,13.9,12.8,12.3,12.1,13.2,14.8,15.7,15.9,14.5,1.3,1.4,1,1.1,1.1,1.1,1.1,0.8,1,1,1,1.3,1.1,0.9,1,0.9,0.9,0.9,0.8,0.7,0.7,0.8,1,1,1.1,0.9,,,,,,,,,,,,,,,,,,,,,,,,,,
TCA,Turks and Caicos Islands,5,,54304,3.8,2.9,3.5,2.8,3.2,2.9,3.2,2.6,2.7,2.6,2.5,3,3.2,3.9,3,2.8,3.8,4.1,4.2,3.5,3.5,3.7,4.4,4.3,5.2,5.4,0,0,0,0,0,0,0,0,0,0,0,0,0,0,0,0,0,0,0,0,0,0,0,0,0,0,,,,,,,,,,,,,,,,,,,,,,,,,,
TCD,Chad,5,,18563432,12.4,11,12.3,11.9,12.5,12.7,12.8,12.2,12.3,11.5,11.3,12.4,12.3,13.2,12.4,11.6,11.8,12.1,11.8,12.7,12,11,11,11.7,11.1,12.2,0.7,0.6,0.7,0.7,0.7,0.8,0.8,0.7,0.7,0.6,0.6,0.7,0.7,0.8,0.7,0.6,0.7,0.7,0.7,0.8,0.7,0.6,0.6,0.7,0.6,0.7,,,,,,,,,,,,,,,,,,,,,,,,,,
TGO,Togo,5,,8710464,14.5,15.4,14.5,16.8,15.4,15,16.1,16.3,16.3,14,14.1,15.2,16.4,16.9,16.4,18.3,17.3,16,18.2,17.4,15.9,15.7,16.7,15.9,13.5,14.5,0.9,1,0.9,1.2,1,1,1.1,1.1,1.1,0.9,0.9,1,1.1,1.2,1.1,1.3,1.2,1.1,1.3,1.2,1.1,1,1.1,1.1,0.8,0.9,,,,,,,,,,,,,,,,,,,,,,,,,,
THA,Thailand,5,15,69547098,23.1,21.6,21.7,22.5,21.5,21.5,20.1,22.8,21,23.1,24.5,22.3,23.1,22.2,21.9,22.3,23.9,21.6,23.3,23.3,20.6,19.6,17.9,19.2,17.5,20,1.8,1.6,1.6,1.7,1.6,1.6,1.5,1.7,1.6,1.8,1.9,1.7,1.8,1.7,1.7,1.7,1.9,1.6,1.8,1.8,1.5,1.4,1.3,1.4,1.2,1.5,0.8,0.6,0.7,0.7,0.6,0.6,0.5,0.8,0.6,0.8,0.9,0.7,0.8,0.7,0.7,0.7,0.9,0.6,0.8,0.8,0.5,0.5,0.3,0.4,0.2,0.5
TJK,Tajikistan,5,,10172587,21.3,19.3,19.1,19.2,18.2,17.5,18.2,17.5,16.4,16.8,15.5,18.2,17.5,16,14.9,15.3,15.9,14.6,14.6,13.1,12.8,13.4,13.2,12.8,11.5,12.2,1.6,1.4,1.4,1.4,1.3,1.2,1.3,1.2,1.1,1.2,1,1.3,1.2,1.1,1,1,1.1,0.9,0.9,0.8,0.8,0.8,0.8,0.8,0.6,0.7,,,,,,,,,,,,,,,,,,,,,,,,,,
TKL,Tokelau,5,,401,1.2,1.1,0.8,1.1,1.1,1.1,1,1.2,1.3,1.3,1.1,1.1,1,1.2,1.3,1.1,1.7,1.6,1.7,1.3,1.7,1.8,1.5,1.3,1.1,1.2,0,0,0,0,0,0,0,0,0,0,0,0,0,0,0,0,0,0,0,0,0,0,0,0,0,0,,,,,,,,,,,,,,,,,,,,,,,,,,
TKM,Turkmenistan,5,,5672745,12.5,11.5,10.1,10.1,10.2,9,9.8,8.2,8.6,9.3,7.9,11.4,11.8,8.9,8,11.2,8.5,9,9.2,7.5,7.8,8,7.7,7.5,8.2,9.5,0.7,0.6,0.5,0.5,0.5,0.4,0.5,0.3,0.4,0.4,0.3,0.6,0.7,0.4,0.3,0.6,0.3,0.4,0.4,0.2,0.3,0.3,0.3,0.2,0.3,0.4,,,,,,,,,,,,,,,,,,,,,,,,,,
TLS,Timor-Leste,5,,1450274,10.1,9.6,9.9,8.3,9.8,10,9.6,9.6,9.9,10.8,8.3,12.2,12.6,8.9,10.1,9.2,9.5,8.4,8,9.2,7.4,8.7,10.1,8.9,9,7.4,0.5,0.5,0.5,0.3,0.5,0.5,0.5,0.5,0.5,0.6,0.3,0.7,0.7,0.4,0.5,0.4,0.4,0.3,0.3,0.4,0.2,0.4,0.5,0.4,0.4,0.2,,,,,,,,,,,,,,,,,,,,,,,,,,
TON,Tonga,5,,95948,1.5,1.7,1.4,1.3,1.2,1.3,1.6,1.1,1.3,1.3,1.4,1.3,1.5,1.5,1.6,2.7,1.5,1.7,1.6,1.9,1.3,1.6,1.6,1.7,1.6,1.2,0,0,0,0,0,0,0,0,0,0,0,0,0,0,0,0,0,0,0,0,0,0,0,0,0,0,,,,,,,,,,,,,,,,,,,,,,,,,,
TTO,Trinidad and Tobago,5,15,1392719,4.3,3.9,3.7,4.1,4.3,3.7,4.4,4.2,3.3,3.3,3.7,3.8,3.5,5.2,3.5,3.8,3.6,3.7,3.8,3.4,3.7,3.3,4,3.2,3.4,2.7,0,0,0,0,0,0,0,0,0,0,0,0,0,0,0,0,0,0,0,0,0,0,0,0,0,0,0,0,0,0,0,0,0,0,0,0,0,0,0,0,0,0,0,0,0,0,0,0,0,0,0,0
TUN,Tunisia,5,,11880285,8.1,7.8,5.7,6.1,5.7,6.1,6.7,4.9,7.6,4.6,5.7,6.8,7.4,4.5,6.2,5.8,6.5,7.7,8.2,5.9,8.9,6.4,6.6,7.8,7,8.3,0.3,0.3,0.1,0.1,0.1,0.1,0.2,0,0.3,0,0.1,0.2,0.2,0,0.1,0.1,0.1,0.3,0.3,0.1,0.4,0.1,0.2,0.3,0.2,0.3,,,,,,,,,,,,,,,,,,,,,,,,,,
TUR,Turkey,5,,82903546,20,18.9,17.2,18.1,18.5,18.4,19.7,17.2,18.7,18.4,17.6,19.4,18.6,13.6,15.8,15.1,16.4,16.8,14.7,14.1,15.3,16.6,16.1,17,15.4,15.8,1.5,1.4,1.2,1.3,1.3,1.3,1.4,1.2,1.3,1.3,1.2,1.4,1.3,0.8,1.1,1,1.1,1.2,1,0.9,1,1.1,1.1,1.2,1,1.1,,,,,,,,,,,,,,,,,,,,,,,,,,
TUV,Tuvalu,5,,5955,1.5,1.2,1,1.3,1.6,1.4,1.1,1.5,1.7,1.8,1.5,1.2,1.1,1.5,1.6,1.2,1.7,1.6,1.6,1.5,1.8,1.7,1.4,1.2,1.1,1.2,0,0,0,0,0,0,0,0,0,0,0,0,0,0,0,0,0,0,0,0,0,0,0,0,0,0,,,,,,,,,,,,,,,,,,,,,,,,,,
TWN,Taiwan,5,,23488918,18.7,16.9,15.2,13.5,15,16.1,17.9,16.9,18.3,21.3,17.8,18.5,19.2,22.2,20.2,20.2,21.6,21.3,21,20.6,19.2,18.8,19,18.3,14.1,15.1,1.3,1.2,1,0.8,1,1.1,1.3,1.2,1.3,1.6,1.3,1.3,1.4,1.7,1.5,1.5,1.6,1.6,1.6,1.5,1.4,1.4,1.4,1.3,0.9,1,,,,,,,,,,,,,,,,,,,,,,,,,,
TZA,Tanzania,5,,65256493,17.1,18.6,17.7,19.2,18.7,17.8,15.7,18.1,18.4,18,19.5,20.1,20.7,20.1,18.9,20.2,22.5,18,20.1,18.7,18.6,17,21.4,17.8,10.7,13.6,1.2,1.3,1.2,1.4,1.3,1.3,1,1.3,1.3,1.3,1.4,1.5,1.5,1.5,1.4,1.5,1.7,1.3,1.5,1.3,1.3,1.2,1.6,1.3,0.6,0.8,,,,,,,,,,,,,,,,,,,,,,,,,,
UGA,Uganda,5,25,47554388,27.3,32.4,32.6,33.5,32.2,29.8,28.7,32.9,31.5,31.3,34.4,33.2,32.4,31.6,27.1,29.9,32.2,26.6,29.3,29.2,30.3,30,34.3,29.3,17.2,23.7,2.2,2.7,2.7,2.8,2.7,2.4,2.3,2.7,2.6,2.6,2.9,2.8,2.7,2.6,2.2,2.4,2.7,2.1,2.4,2.4,2.5,2.5,2.9,2.4,1.2,1.8,0.2,0.7,0.7,0.8,0.7,0.5,0.4,0.8,0.6,0.6,0.9,0.8,0.7,0.6,0.2,0.5,0.7,0.2,0.4,0.4,0.5,0.5,0.9,0.4,0,0
UKR,Ukraine,5,25,34758359,10.2,9.9,11.7,11.6,12.4,12.6,13.7,12.9,13.2,14.5,14.6,15.7,16.1,15.3,16.2,14.6,14.4,17,16,15.5,16.2,19.8,16.8,16,17.2,17.7,0.5,0.5,0.7,0.6,0.7,0.7,0.9,0.8,0.8,0.9,0.9,1,1.1,1,1.1,0.9,0.9,1.2,1.1,1,1.1,1.5,1.2,1.1,1.2,1.2,0,0,0,0,0,0,0,0,0,0,0,0,0,0,0,0,0,0,0,0,0,0,0,0,0,0
UMI,United States Minor Outlying Islands,5,,40,2.5,2.9,2.4,2.5,2.6,2.8,3,2.8,3.3,3.7,3.9,2.9,3.5,3.3,3.3,3.6,2.7,2.9,3,3.2,2.4,2.5,2.1,2.1,2,2.1,0,0,0,0,0,0,0,0,0,0,0,0,0,0,0,0,0,0,0,0,0,0,0,0,0,0,,,,,,,,,,,,,,,,,,,,,,,,,,
URY,Uruguay,5,,3394722,8.7,8.7,8.2,8.5,8.4,7.8,8.3,7.8,8,8.8,8.5,8.9,8,7.8,8.4,8.8,9,9,8,8.1,8.8,9.1,8.8,8.7,8.5,7.8,0.4,0.4,0.3,0.3,0.3,0.3,0.3,0.3,0.3,0.4,0.3,0.4,0.3,0.3,0.3,0.4,0.4,0.4,0.3,0.3,0.4,0.4,0.4,0.4,0.3,0.3,,,,,,,,,,,,,,,,,,,,,,,,,,
USA,United States,5,9,338387398,8.2,6.8,7.5,7.2,6.8,7.3,7.1,6.8,7.5,7.8,7.9,8.1,8.8,8.7,8.8,9.7,10.7,10.4,11.6,10.8,11.2,11.5,11.7,12.1,12.1,12.4,0.3,0.2,0.2,0.2,0.2,0.2,0.2,0.2,0.2,0.3,0.3,0.3,0.4,0.4,0.4,0.5,0.6,0.5,0.6,0.6,0.6,0.6,0.7,0.7,0.7,0.7,0,0,0,0,0,0,0,0,0,0,0,0,0,0,0,0.1,0.2,0.1,0.3,0.2,0.2,0.2,0.3,0.3,0.3,0.3
UZB,Uzbekistan,5,,36113648,19.1,18.7,17.8,20.1,18.9,18,18.2,16.8,16.3,16.3,15.2,18.7,17.4,14.6,15,15,14.6,13.9,14.1,12.7,12.7,12.6,11.7,13.3,11.5,13.4,1.4,1.3,1.3,1.5,1.4,1.3,1.3,1.2,1.1,1.1,1,1.3,1.2,0.9,1,1,0.9,0.9,0.9,0.8,0.8,0.7,0.7,0.8,0.6,0.8,,,,,,,,,,,,,,,,,,,,,,,,,,
VAT,Vatican City,5,,1000,10,10.7,9.3,11.4,9.4,10,12.3,11.1,13.7,9,13.4,14.5,15.7,12,13.1,13.5,16.3,17.6,14.9,12.5,16.2,14.1,13.7,15.7,15.2,15.6,0.5,0.6,0.4,0.6,0.4,0.5,0.7,0.6,0.9,0.4,0.8,0.9,1,0.7,0.8,0.8,1.1,1.2,1,0.7,1.1,0.9,0.9,1,1,1,,,,,,,,,,,,,,,,,,,,,,,,,,
VCT,Saint Vincent and the Grenadines,5,,91650,2.5,2.4,2.7,2.5,2.5,2.5,2.8,2.7,2.3,2.1,2.1,2.6,2.5,3.3,2.8,2.5,2.4,2.6,2.7,2.5,2.6,2.4,2.8,2.4,2.9,2.3,0,0,0,0,0,0,0,0,0,0,0,0,0,0,0,0,0,0,0,0,0,0,0,0,0,0,,,,,,,,,,,,,,,,,,,,,,,,,,
VEN,Venezuela,5,,30310575,14.1,12.4,11,13.2,14.8,13.6,15.2,16.6,13.4,12.8,13.8,14.3,14.5,17.3,11.6,13,12.4,12.7,13.9,12.6,14.9,11.4,13.3,11,8.1,7.8,0.9,0.7,0.6,0.8,1,0.8,1,1.1,0.8,0.8,0.9,0.9,0.9,1.2,0.6,0.8,0.7,0.8,0.9,0.7,1,0.6,0.8,0.6,0.3,0.3,,,,,,,,,,,,,,,,,,,,,,,,,,
VGB,British Virgin Islands,5,,34084,2,1.5,1.9,1.9,1.9,1.9,2.2,1.8,1.6,1.7,1.6,1.9,1.7,2.8,1.8,1.7,2,2.2,2.3,1.6,2,2,2.3,2.2,2.9,2.4,0,0,0,0,0,0,0,0,0,0,0,0,0,0,0,0,0,0,0,0,0,0,0,0,0,0,,,,,,,,,,,,,,,,,,,,,,,,,,
VIR,"Virgin Islands, U.S.",5,9,97777,2.2,1.8,2.2,2.2,2.2,2.2,2.5,2,1.8,2,1.8,2,1.9,2.8,2,1.8,2.1,2.4,2.4,1.7,2,1.9,2.3,2.1,2.8,2.1,0,0,0,0,0,0,0,0,0,0,0,0,0,0,0,0,0,0,0,0,0,0,0,0,0,0,0,0,0,0,0,0,0,0,0,0,0,0,0,0,0,0,0,0,0,0,0,0,0,0,0,0
VNM,Vietnam,5,25,104489174,25.6,27.2,23.6,23.7,25.6,24.3,25.2,25.1,24.3,26.6,26.6,25.8,26.1,24.8,24.4,25.5,26.1,24.7,24,23.6,21.2,18.8,19.7,18,15.6,16.9,2,2.2,1.8,1.8,2,1.9,2,2,1.9,2.1,2.1,2,2.1,1.9,1.9,2,2.1,1.9,1.9,1.8,1.6,1.4,1.4,1.3,1,1.2,0.1,0.2,0,0,0.1,0,0,0,0,0.2,0.2,0.1,0.1,0,0,0,0.1,0,0,0,0,0,0,0,0,0
VUT,Vanuatu,5,,274481,4.1,4.2,3.3,3.2,3.9,5,5.3,4.6,4.4,4.5,4.7,4,4.4,4.3,3.8,4.1,3.9,3,3.5,3.5,3.6,3.7,4.3,3.9,2.9,2.6,0,0,0,0,0,0,0,0,0,0,0,0,0,0,0,0,0,0,0,0,0,0,0,0,0,0,,,,,,,,,,,,,,,,,,,,,,,,,,
WLF,Wallis and Futuna,5,,13125,1.7,1.6,1.2,1.4,1.3,1.4,1.5,1.4,1.7,1.5,1.4,1.5,1.4,1.5,1.6,1.5,1.6,1.6,1.7,1.5,1.5,1.5,1.5,1.4,1.2,1,0,0,0,0,0,0,0,0,0,0,0,0,0,0,0,0,0,0,0,0,0,0,0,0,0,0,,,,,,,,,,,,,,,,,,,,,,,,,,
WSM,Samoa,5,,186034,1.4,1.3,1,1.1,1.3,1.4,1.4,1.3,1.7,1.4,1.2,1.3,1.2,1.2,1.3,1.2,1.6,1.4,1.6,1.2,1.4,1.4,1.3,1.2,1,0.9,0,0,0,0,0,0,0,0,0,0,0,0,0,0,0,0,0,0,0,0,0,0,0,0,0,0,,,,,,,,,,,,,,,,,,,,,,,,,,
XAD,Akrotiri and Dhekelia,5,,24095,11,9.9,8.5,9.3,9,8.7,10,8.6,9.5,9.7,9.6,14.9,14,9.2,11.1,10,10.3,9.6,8.9,8.4,8.8,8.9,10.4,11.1,10.3,10.1,0.6,0.5,0.3,0.4,0.4,0.4,0.5,0.4,0.4,0.5,0.5,1,0.9,0.4,0.6,0.5,0.5,0.5,0.4,0.3,0.4,0.4,0.5,0.6,0.5,0.5,,,,,,,,,,,,,,,,,,,,,,,,,,
XCL,Clipperton Island,5,,0,,,,,,,,,,,,,,,,,,,,,,,,,,,,,,,,,,,,,,,,,,,,,,,,,,,,,,,,,,,,,,,,,,,,,,,,,,,,,,
XKO,Kosovo,5,,1960632,14.8,16.7,15,19.4,16.7,20.5,20.2,20.7,22.4,18.2,23.5,26.5,28,16.5,19.7,20.3,23.1,24.8,22.3,19.8,23.4,22.4,20.7,21.5,20.3,22.2,1,1.1,1,1.4,1.1,1.5,1.5,1.5,1.7,1.3,1.8,2.1,2.3,1.1,1.4,1.5,1.8,1.9,1.7,1.5,1.8,1.7,1.5,1.6,1.5,1.7,,,,,,,,,,,,,,,,,,,,,,,,,,
XPI,Paracel Islands,5,,159,5.1,4.3,4.3,3.6,4.2,5.2,5,5.3,5,6.4,6,5.3,7.8,5.1,7.5,7.1,7.1,7.1,5.9,6.8,5.7,5.2,5.2,5.3,4.6,5.5,0,0,0,0,0,0,0,0,0,0.1,0.1,0,0.3,0,0.2,0.2,0.2,0.2,0.1,0.2,0.1,0,0,0,0,0,,,,,,,,,,,,,,,,,,,,,,,,,,
XSP,Spratly Islands,5,,139,0,0,0,0,0,0,0,0,0,0,0,0,0,0,0,0,0,0,0,0,0,0,0,0,0,0,0,0,0,0,0,0,0,0,0,0,0,0,0,0,0,0,0,0,0,0,0,0,0,0,0,0,,,,,,,,,,,,,,,,,,,,,,,,,,
YEM,Yemen,5,,31477144,16.1,16.2,14.8,14.7,17.1,16.7,16,15.1,16.2,15.7,14.7,15.5,17.4,15.5,12.7,12.8,13.9,13.6,12.1,11.3,12.1,11.7,10.7,12,12.9,10.6,1.1,1.1,1,1,1.2,1.1,1.1,1,1.1,1,1,1,1.2,1,0.8,0.8,0.9,0.8,0.7,0.6,0.7,0.7,0.6,0.7,0.8,0.5,,,,,,,,,,,,,,,,,,,,,,,,,,
ZAF,South Africa,5,20,59763665,22.3,23.7,21.5,20.7,21.3,21.7,21.6,20.3,22,19.6,20.9,22.1,21.3,24.7,21.3,22,21.3,21.6,22.3,21.4,20.2,21,21.2,22.5,20,21.6,1.7,1.8,1.6,1.5,1.6,1.6,1.6,1.5,1.7,1.4,1.6,1.7,1.6,1.9,1.6,1.7,1.6,1.6,1.7,1.6,1.5,1.6,1.6,1.7,1.5,1.6,0.2,0.4,0.1,0.1,0.1,0.2,0.2,0,0.2,0,0.1,0.2,0.1,0.5,0.1,0.2,0.1,0.2,0.2,0.1,0,0.1,0.1,0.2,0,0.2
ZMB,Zambia,5,,20222856,25.2,25.3,20.6,19.7,22.3,21.1,20.2,21.4,22.9,20.9,22.6,23.5,23.5,25.1,22.2,24.4,24,21.6,25.3,22.1,23.2,23.6,25.7,19.2,11.6,14.5,2,2,1.5,1.4,1.7,1.6,1.5,1.6,1.8,1.6,1.7,1.8,1.8,2,1.7,1.9,1.9,1.6,2,1.7,1.8,1.8,2,1.4,0.6,0.9,,,,,,,,,,,,,,,,,,,,,,,,,,
ZNC,Northern Cyprus,5,,429301,12.2,11.1,9.5,10.5,9.8,9.7,11.2,10,10.8,11.1,10.5,16.5,15,9.7,12,10.9,11.4,10.5,9.4,8.9,9.2,9.5,10.8,11.5,10.5,10.4,0.7,0.6,0.4,0.5,0.5,0.5,0.6,0.5,0.6,0.6,0.5,1.1,1,0.5,0.7,0.6,0.6,0.5,0.4,0.4,0.4,0.4,0.6,0.6,0.5,0.5,,,,,,,,,,,,,,,,,,,,,,,,,,
ZWE,Zimbabwe,5,,16791708,18.8,18.1,15.1,12.5,16.1,17.2,15,15.4,17.4,13.9,17,18,16.5,19.7,16.5,18.8,19.6,17.4,20.5,16.6,18.5,17.6,21.2,15.8,11,15.9,1.4,1.3,1,0.7,1.1,1.2,1,1,1.2,0.9,1.2,1.3,1.1,1.4,1.1,1.4,1.4,1.2,1.5,1.1,1.3,1.2,1.6,1.1,0.6,1.1,,,,,,,,,,,,,,,,,,,,,,,,,,
