objectid_gadm0,iso_alpha3,country,population,whostandard,natstandard,pm1998,pm1999,pm2000,pm2001,pm2002,pm2003,pm2004,pm2005,pm2006,pm2007,pm2008,pm2009,pm2010,pm2011,pm2012,pm2013,pm2014,pm2015,pm2016,pm2017,pm2018,pm2019,pm2020,pm2021,llpp_who_1998,llpp_who_1999,llpp_who_2000,llpp_who_2001,llpp_who_2002,llpp_who_2003,llpp_who_2004,llpp_who_2005,llpp_who_2006,llpp_who_2007,llpp_who_2008,llpp_who_2009,llpp_who_2010,llpp_who_2011,llpp_who_2012,llpp_who_2013,llpp_who_2014,llpp_who_2015,llpp_who_2016,llpp_who_2017,llpp_who_2018,llpp_who_2019,llpp_who_2020,llpp_who_2021,llpp_nat_1998,llpp_nat_1999,llpp_nat_2000,llpp_nat_2001,llpp_nat_2002,llpp_nat_2003,llpp_nat_2004,llpp_nat_2005,llpp_nat_2006,llpp_nat_2007,llpp_nat_2008,llpp_nat_2009,llpp_nat_2010,llpp_nat_2011,llpp_nat_2012,llpp_nat_2013,llpp_nat_2014,llpp_nat_2015,llpp_nat_2016,llpp_nat_2017,llpp_nat_2018,llpp_nat_2019,llpp_nat_2020,llpp_nat_2021
1,AFG,Afghanistan,37461801,5,35,10.88,10.7,11.88,13.89,13.58,13.88,12.56,14.23,14.59,13.83,14.79,15.09,15.26,18.31,16.34,14.97,15.49,16.09,16.2,15.25,14.04,16.56,16.57,16.9,0.58,0.56,0.67,0.87,0.84,0.87,0.74,0.9,0.94,0.87,0.96,0.99,1.01,1.3,1.11,0.98,1.03,1.09,1.1,1,0.89,1.13,1.13,1.17,0,0,0,0,0,0,0,0,0,0,0,0,0,0,0,0,0,0,0,0,0,0,0,0
2,XAD,Akrotiri and Dhekelia,24378,5,NA,11.74,11.67,13.73,12.67,10.96,11.43,10.63,11.74,11.6,11.99,11.74,12.08,10.38,15.61,17.16,11.96,11.13,11.77,10.76,11.23,9.97,9.74,10.71,11.15,0.66,0.65,0.86,0.75,0.58,0.63,0.55,0.66,0.65,0.69,0.66,0.69,0.53,1.04,1.19,0.68,0.6,0.66,0.56,0.61,0.49,0.46,0.56,0.6,NA,NA,NA,NA,NA,NA,NA,NA,NA,NA,NA,NA,NA,NA,NA,NA,NA,NA,NA,NA,NA,NA,NA,NA
3,ALB,Albania,3082234,5,25,16.86,15.43,17.33,16.42,18.07,20.11,15.78,17.4,19.62,18.15,15.38,14.59,11.8,20.51,17.55,14.53,12.87,16.26,13.65,15.04,14.43,13.65,13.09,13.53,1.16,1.02,1.21,1.12,1.28,1.48,1.06,1.22,1.43,1.29,1.02,0.94,0.67,1.52,1.23,0.93,0.77,1.1,0.85,0.98,0.92,0.85,0.79,0.84,0,0,0,0,0,0,0,0,0,0,0,0,0,0,0,0,0,0,0,0,0,0,0,0
4,DZA,Algeria,43480294,5,NA,6.41,5.72,6.12,6.19,6.18,7.64,5.52,7.09,7.07,6.92,5.86,6.65,5.52,7.03,6.85,6.59,5.36,7.02,5.61,6.62,6.05,6.09,5.83,6.15,0.14,0.07,0.11,0.12,0.12,0.26,0.05,0.2,0.2,0.19,0.08,0.16,0.05,0.2,0.18,0.16,0.04,0.2,0.06,0.16,0.1,0.11,0.08,0.11,NA,NA,NA,NA,NA,NA,NA,NA,NA,NA,NA,NA,NA,NA,NA,NA,NA,NA,NA,NA,NA,NA,NA,NA
5,ASM,American Samoa,43160,5,NA,0.73,0.82,1.11,1.01,1.17,1.21,0.96,1.41,1.22,1.24,1.02,1.23,1.02,0.95,1.11,1.1,1.22,1.49,1.26,1.29,1.39,1.34,1.07,1.02,0,0,0,0,0,0,0,0,0,0,0,0,0,0,0,0,0,0,0,0,0,0,0,0,NA,NA,NA,NA,NA,NA,NA,NA,NA,NA,NA,NA,NA,NA,NA,NA,NA,NA,NA,NA,NA,NA,NA,NA
6,AND,Andorra,85635,5,25,8.66,8.39,8.96,9.54,9.68,10.47,9.47,9.97,9.18,9.3,8.53,8.86,9.48,8.99,7.9,7.58,6.76,7.46,6.89,6.86,7.23,6.03,6.67,7.55,0.36,0.33,0.39,0.44,0.46,0.54,0.44,0.49,0.41,0.42,0.35,0.38,0.44,0.39,0.28,0.25,0.17,0.24,0.19,0.18,0.22,0.1,0.16,0.25,0,0,0,0,0,0,0,0,0,0,0,0,0,0,0,0,0,0,0,0,0,0,0,0
7,AGO,Angola,33430596,5,NA,18.42,15.91,17.46,21.96,19.69,18.29,19.12,21.11,17.3,21.09,22.43,20.2,23.96,21.76,21.79,21.82,19.13,20.55,20.37,18.41,19.02,20.57,17.53,16.89,1.32,1.07,1.22,1.66,1.44,1.3,1.38,1.58,1.21,1.58,1.71,1.49,1.86,1.64,1.65,1.65,1.38,1.52,1.51,1.31,1.37,1.53,1.23,1.17,NA,NA,NA,NA,NA,NA,NA,NA,NA,NA,NA,NA,NA,NA,NA,NA,NA,NA,NA,NA,NA,NA,NA,NA
8,AIA,Anguilla,16664,5,NA,2.67,3.58,2.96,3.21,2.31,2.61,2.46,3.39,3.05,2.61,2.39,2.55,4.13,2.41,3.05,2.02,2.03,2.28,2.57,2.41,2.08,2.01,2.06,2.21,0,0,0,0,0,0,0,0,0,0,0,0,0,0,0,0,0,0,0,0,0,0,0,0,NA,NA,NA,NA,NA,NA,NA,NA,NA,NA,NA,NA,NA,NA,NA,NA,NA,NA,NA,NA,NA,NA,NA,NA
9,ATG,Antigua and Barbuda,93902,5,NA,2.76,3.33,3.11,3.13,2.5,2.87,2.85,3.44,3.21,2.65,2.68,3.04,4.13,2.87,3.05,2.23,2.29,2.53,2.83,2.53,2.5,2.41,2.1,2.43,0,0,0,0,0,0,0,0,0,0,0,0,0,0,0,0,0,0,0,0,0,0,0,0,NA,NA,NA,NA,NA,NA,NA,NA,NA,NA,NA,NA,NA,NA,NA,NA,NA,NA,NA,NA,NA,NA,NA,NA
10,ARG,Argentina,45888555,5,15,11.43,12.48,11.86,11.78,11.93,12.05,11.59,10.81,11.98,12.38,12.37,10.84,10.23,11.2,11.09,11,11.3,11.05,11.18,10.87,10.55,10.76,12.2,11.15,0.63,0.73,0.67,0.66,0.68,0.69,0.65,0.57,0.68,0.72,0.72,0.57,0.51,0.61,0.6,0.59,0.62,0.59,0.61,0.58,0.54,0.56,0.71,0.6,0,0,0,0,0,0,0,0,0,0,0,0,0,0,0,0,0,0,0,0,0,0,0,0
11,ARM,Armenia,3019699,5,NA,16.88,16.45,18.44,15.91,17.97,16.55,16.34,17.4,16.44,17.68,17.64,17.17,16.42,19.54,20.24,19.09,19.02,19.48,17.38,20.41,18.97,19.77,19.48,19.51,1.16,1.12,1.32,1.07,1.27,1.13,1.11,1.22,1.12,1.24,1.24,1.19,1.12,1.42,1.49,1.38,1.37,1.42,1.21,1.51,1.37,1.45,1.42,1.42,NA,NA,NA,NA,NA,NA,NA,NA,NA,NA,NA,NA,NA,NA,NA,NA,NA,NA,NA,NA,NA,NA,NA,NA
12,ABW,Aruba,112080,5,NA,3.16,4.42,3.03,3.15,2.89,4,3.82,4.31,3.66,3.77,4.19,3.22,5.99,4.15,3.82,3.3,2.82,2.92,3.76,3.82,3.23,3.89,3.49,3.31,0,0,0,0,0,0,0,0,0,0,0,0,0.1,0,0,0,0,0,0,0,0,0,0,0,NA,NA,NA,NA,NA,NA,NA,NA,NA,NA,NA,NA,NA,NA,NA,NA,NA,NA,NA,NA,NA,NA,NA,NA
13,AUS,Australia,25450231,5,8,3.87,3.92,3.72,4.34,4.53,5.48,3.9,3.59,4.88,4.06,3.5,4.59,3.73,3.94,3.83,4.33,4.46,4.15,3.81,4.04,3.8,7.63,5.27,3.62,0,0,0,0,0,0.05,0,0,0,0,0,0,0,0,0,0,0,0,0,0,0,0.26,0.03,0,0,0,0,0,0,0,0,0,0,0,0,0,0,0,0,0,0,0,0,0,0,0,0,0
14,AUT,Austria,8885610,5,25,16.38,16.06,15.2,16.56,17.81,18.14,16.28,18.68,18.34,13.92,13.31,14.62,16.11,16,13.3,14.63,12.56,12.7,11.86,12.34,12.78,9.8,9.83,10.68,1.12,1.08,1,1.13,1.26,1.29,1.11,1.34,1.31,0.87,0.81,0.94,1.09,1.08,0.81,0.94,0.74,0.75,0.67,0.72,0.76,0.47,0.47,0.56,0,0,0,0,0,0,0,0,0,0,0,0,0,0,0,0,0,0,0,0,0,0,0,0
15,AZE,Azerbaijan,10205985,5,NA,15.97,15.28,14.48,11.71,12.91,12.43,11.59,12.88,12.72,12.92,12.01,12.29,12.32,12.53,13.37,11.65,12.17,11.88,12.18,13.11,10.87,13.56,11.81,12.4,1.08,1.01,0.93,0.66,0.78,0.73,0.65,0.77,0.76,0.78,0.69,0.71,0.72,0.74,0.82,0.65,0.7,0.67,0.7,0.79,0.58,0.84,0.67,0.73,NA,NA,NA,NA,NA,NA,NA,NA,NA,NA,NA,NA,NA,NA,NA,NA,NA,NA,NA,NA,NA,NA,NA,NA
16,BHS,Bahamas,331992,5,NA,6.97,5.62,4.97,4.38,4.35,4.3,4.49,4.96,4.83,4.32,3.48,3.53,4.18,4.18,3.65,3.07,3.22,2.98,3.53,3.7,3.46,3.52,3.31,3.79,0.19,0.06,0,0,0,0,0,0,0,0,0,0,0,0,0,0,0,0,0,0,0,0,0,0,NA,NA,NA,NA,NA,NA,NA,NA,NA,NA,NA,NA,NA,NA,NA,NA,NA,NA,NA,NA,NA,NA,NA,NA
17,BHR,Bahrain,1367240,5,NA,13.08,13.76,17.3,13.22,14.02,13.92,13.19,14.19,16.08,15.96,17.75,19.95,20.33,18.5,20.66,17.34,17.82,19.2,17.23,21.14,19.83,19.27,17.18,17.92,0.79,0.86,1.21,0.81,0.88,0.87,0.8,0.9,1.09,1.07,1.25,1.47,1.5,1.32,1.53,1.21,1.26,1.39,1.2,1.58,1.45,1.4,1.19,1.27,NA,NA,NA,NA,NA,NA,NA,NA,NA,NA,NA,NA,NA,NA,NA,NA,NA,NA,NA,NA,NA,NA,NA,NA
18,BGD,Bangladesh,164804810,5,15,45.39,45.68,51.32,53.66,53.42,54.98,54.44,59.48,64.13,62.01,65.24,70.4,65.88,69.93,70.67,65.79,68.81,65.15,65.38,63.06,75.78,67,75.59,73.96,3.96,3.99,4.54,4.77,4.75,4.9,4.85,5.34,5.79,5.59,5.9,6.41,5.97,6.36,6.44,5.96,6.25,5.89,5.92,5.69,6.94,6.08,6.92,6.76,2.98,3.01,3.56,3.79,3.77,3.92,3.87,4.36,4.81,4.61,4.92,5.43,4.99,5.38,5.46,4.98,5.27,4.91,4.94,4.71,5.96,5.1,5.94,5.78
19,BRB,Barbados,297599,5,10,2.32,2.96,2.47,3.03,2.5,2.84,2.58,2.87,2.73,2.57,2.67,3.07,3.72,2.67,2.95,2.36,2.18,2.37,2.69,2.88,2.53,2.4,2.32,2.52,0,0,0,0,0,0,0,0,0,0,0,0,0,0,0,0,0,0,0,0,0,0,0,0,0,0,0,0,0,0,0,0,0,0,0,0,0,0,0,0,0,0,0,0,0,0,0,0
20,BLR,Belarus,9439125,5,NA,17.45,18.06,15.95,16.09,19.33,15.86,16.13,15.63,16.3,14.63,15.29,16.78,17.63,15.63,15.17,15.87,15.62,13.77,13.05,13.25,13.97,11.71,11.11,12.75,1.22,1.28,1.07,1.09,1.4,1.06,1.09,1.04,1.11,0.94,1.01,1.15,1.24,1.04,1,1.07,1.04,0.86,0.79,0.81,0.88,0.66,0.6,0.76,NA,NA,NA,NA,NA,NA,NA,NA,NA,NA,NA,NA,NA,NA,NA,NA,NA,NA,NA,NA,NA,NA,NA,NA
21,BEL,Belgium,11779045,5,25,15.34,14.27,13.08,12.85,12.91,14.8,13.06,12.72,13.82,15.95,15.34,16.4,16.19,15.49,13.62,14.55,11.68,11.24,11.17,10.76,11.02,9.56,8.42,10.12,1.01,0.91,0.79,0.77,0.78,0.96,0.79,0.76,0.86,1.07,1.01,1.12,1.1,1.03,0.84,0.94,0.65,0.61,0.6,0.56,0.59,0.45,0.34,0.5,0,0,0,0,0,0,0,0,0,0,0,0,0,0,0,0,0,0,0,0,0,0,0,0
22,BLZ,Belize,389706,5,NA,15.09,11.78,11.34,11.91,11.48,14.44,10.65,14.96,12.12,11.82,10.69,10.6,11.93,13.14,9.69,11.84,10.42,10.21,9.42,10.42,9.4,10.43,12.94,10.41,0.99,0.66,0.62,0.68,0.64,0.93,0.55,0.98,0.7,0.67,0.56,0.55,0.68,0.8,0.46,0.67,0.53,0.51,0.43,0.53,0.43,0.53,0.78,0.53,NA,NA,NA,NA,NA,NA,NA,NA,NA,NA,NA,NA,NA,NA,NA,NA,NA,NA,NA,NA,NA,NA,NA,NA
23,BEN,Benin,13275471,5,NA,15.47,15.09,16.52,17.12,16.84,18.29,19.29,19.48,17.62,18.54,19.31,18.3,18.35,17.46,16.51,15.74,15.7,16.01,17.56,17.61,17.1,16.3,16.97,17.42,1.03,0.99,1.13,1.19,1.16,1.3,1.4,1.42,1.24,1.33,1.4,1.3,1.31,1.22,1.13,1.05,1.05,1.08,1.23,1.24,1.19,1.11,1.17,1.22,NA,NA,NA,NA,NA,NA,NA,NA,NA,NA,NA,NA,NA,NA,NA,NA,NA,NA,NA,NA,NA,NA,NA,NA
24,BMU,Bermuda,66048,5,NA,5.17,4.36,5.09,4.65,4.45,4.35,4.51,4.78,4.23,4.79,4.06,3.44,3.78,3.79,3.81,3.44,3.73,3.5,3.07,3.12,2.98,3.08,3.23,3.29,0.02,0,0.01,0,0,0,0,0,0,0,0,0,0,0,0,0,0,0,0,0,0,0,0,0,NA,NA,NA,NA,NA,NA,NA,NA,NA,NA,NA,NA,NA,NA,NA,NA,NA,NA,NA,NA,NA,NA,NA,NA
25,BTN,Bhutan,858187,5,NA,19.3,19.62,24.37,27.46,26.01,27.05,26.75,28.04,28.73,27.3,28.1,32.43,26.98,28.18,30.84,27.52,30.39,30.08,28.34,28.23,30.4,28.55,30.26,30.59,1.4,1.43,1.9,2.2,2.06,2.16,2.13,2.26,2.33,2.19,2.26,2.69,2.15,2.27,2.53,2.21,2.49,2.46,2.29,2.28,2.49,2.31,2.48,2.51,NA,NA,NA,NA,NA,NA,NA,NA,NA,NA,NA,NA,NA,NA,NA,NA,NA,NA,NA,NA,NA,NA,NA,NA
26,BOL,Bolivia,11759069,5,NA,22.87,24.53,22.63,24.3,26.46,26.43,30,28.6,25.89,31.43,25.72,24.34,32.24,27.04,25.12,23.54,24.85,25.56,25.64,26.24,24.53,26.11,27.51,25.19,1.75,1.91,1.73,1.89,2.1,2.1,2.45,2.31,2.05,2.59,2.03,1.9,2.67,2.16,1.97,1.82,1.95,2.01,2.02,2.08,1.91,2.07,2.21,1.98,NA,NA,NA,NA,NA,NA,NA,NA,NA,NA,NA,NA,NA,NA,NA,NA,NA,NA,NA,NA,NA,NA,NA,NA
27,BES,"Bonaire, Sint Eustatius and Saba",22605,5,NA,3.45,4.34,3.26,3.43,2.93,3.81,3.6,4.33,3.83,3.86,4.08,3.59,6.32,4.01,3.97,3.24,2.97,3.01,3.92,3.86,3.16,3.63,3.29,3.27,0,0,0,0,0,0,0,0,0,0,0,0,0.13,0,0,0,0,0,0,0,0,0,0,0,NA,NA,NA,NA,NA,NA,NA,NA,NA,NA,NA,NA,NA,NA,NA,NA,NA,NA,NA,NA,NA,NA,NA,NA
28,BIH,Bosnia and Herzegovina,3816193,5,25,28.13,26.86,26.11,28.33,29.03,30.94,28.15,30.49,31.37,28.21,27.48,27.63,28.34,34.32,29.87,27.02,25.22,30.57,28.72,27.62,26.22,22.4,24.76,23.73,2.27,2.14,2.07,2.29,2.35,2.54,2.27,2.5,2.58,2.27,2.2,2.22,2.29,2.87,2.44,2.16,1.98,2.51,2.32,2.22,2.08,1.71,1.94,1.84,0.31,0.18,0.11,0.33,0.39,0.58,0.31,0.54,0.62,0.31,0.24,0.26,0.33,0.91,0.48,0.2,0.02,0.55,0.36,0.26,0.12,0,0,0
29,BWA,Botswana,2350003,5,NA,15.85,14.1,13.2,15.55,13.95,15.99,13.8,15.86,12.96,14.93,15.33,14.84,18.18,12.96,14.74,14.42,11.95,15.32,14.29,13.42,14.38,13.14,11.76,12.85,1.06,0.89,0.8,1.03,0.88,1.08,0.86,1.06,0.78,0.97,1.01,0.96,1.29,0.78,0.95,0.92,0.68,1.01,0.91,0.83,0.92,0.8,0.66,0.77,NA,NA,NA,NA,NA,NA,NA,NA,NA,NA,NA,NA,NA,NA,NA,NA,NA,NA,NA,NA,NA,NA,NA,NA
30,BVT,Bouvet Island,NA,5,NA,NA,NA,NA,NA,NA,NA,NA,NA,NA,NA,NA,NA,NA,NA,NA,NA,NA,NA,NA,NA,NA,NA,NA,NA,NA,NA,NA,NA,NA,NA,NA,NA,NA,NA,NA,NA,NA,NA,NA,NA,NA,NA,NA,NA,NA,NA,NA,NA,NA,NA,NA,NA,NA,NA,NA,NA,NA,NA,NA,NA,NA,NA,NA,NA,NA,NA,NA,NA,NA,NA,NA,NA
31,BRA,Brazil,213107172,5,NA,9.37,8.64,9.25,10.85,11.6,11.73,11.72,11.57,11.35,12.27,11.66,11.7,11.53,11.29,10.95,10.94,10.84,11.82,11.15,10.93,10.96,10.86,10.64,11.07,0.43,0.36,0.42,0.57,0.65,0.66,0.66,0.64,0.62,0.71,0.65,0.66,0.64,0.62,0.58,0.58,0.57,0.67,0.6,0.58,0.58,0.57,0.55,0.59,NA,NA,NA,NA,NA,NA,NA,NA,NA,NA,NA,NA,NA,NA,NA,NA,NA,NA,NA,NA,NA,NA,NA,NA
32,IOT,British Indian Ocean Territory,NA,5,NA,NA,NA,NA,NA,NA,NA,NA,NA,NA,NA,NA,NA,NA,NA,NA,NA,NA,NA,NA,NA,NA,NA,NA,NA,NA,NA,NA,NA,NA,NA,NA,NA,NA,NA,NA,NA,NA,NA,NA,NA,NA,NA,NA,NA,NA,NA,NA,NA,NA,NA,NA,NA,NA,NA,NA,NA,NA,NA,NA,NA,NA,NA,NA,NA,NA,NA,NA,NA,NA,NA,NA,NA
33,VGB,British Virgin Islands,33045,5,NA,2.29,2.9,2.21,2.29,1.87,1.96,1.72,2.52,2.46,2.28,1.78,1.98,3.39,1.83,2.21,1.74,1.79,1.95,2.05,2.32,1.84,1.87,1.97,2.09,0,0,0,0,0,0,0,0,0,0,0,0,0,0,0,0,0,0,0,0,0,0,0,0,NA,NA,NA,NA,NA,NA,NA,NA,NA,NA,NA,NA,NA,NA,NA,NA,NA,NA,NA,NA,NA,NA,NA,NA
34,BRN,Brunei,463802,5,NA,14.9,5.36,5.22,5.68,9.61,7.69,8.55,7.89,10.68,6.52,5.64,11.47,7.15,8.33,8.37,7.47,8.05,11.3,8.5,5.58,7.17,10.6,6.06,6.16,0.97,0.04,0.02,0.07,0.45,0.26,0.35,0.28,0.56,0.15,0.06,0.63,0.21,0.33,0.33,0.24,0.3,0.62,0.34,0.06,0.21,0.55,0.1,0.11,NA,NA,NA,NA,NA,NA,NA,NA,NA,NA,NA,NA,NA,NA,NA,NA,NA,NA,NA,NA,NA,NA,NA,NA
35,BGR,Bulgaria,6914894,5,25,25.68,23.03,24.56,25.09,25.46,26.58,22.96,25.1,27.61,24.84,22.83,20.71,18.51,28.68,23.17,20.45,19.79,19.12,18.22,19.7,18.86,17.53,18.03,19.01,2.03,1.77,1.92,1.97,2.01,2.11,1.76,1.97,2.22,1.94,1.75,1.54,1.32,2.32,1.78,1.51,1.45,1.38,1.3,1.44,1.36,1.23,1.28,1.37,0.07,0,0,0.01,0.05,0.15,0,0.01,0.26,0,0,0,0,0.36,0,0,0,0,0,0,0,0,0,0
36,BFA,Burkina Faso,21364329,5,NA,7.23,7.15,7.38,7,7.01,8.1,8.51,8.99,8.36,8.64,8.27,9.23,10.01,9.06,8.53,8.04,8.98,8.35,8.06,8.49,8.69,8.42,7.66,8.52,0.22,0.21,0.23,0.2,0.2,0.3,0.34,0.39,0.33,0.36,0.32,0.41,0.49,0.4,0.35,0.3,0.39,0.33,0.3,0.34,0.36,0.34,0.26,0.34,NA,NA,NA,NA,NA,NA,NA,NA,NA,NA,NA,NA,NA,NA,NA,NA,NA,NA,NA,NA,NA,NA,NA,NA
37,BDI,Burundi,12242276,5,NA,27.45,20.3,31.36,37.11,33.1,29.29,35.05,34.74,29.64,38.68,36.59,33.91,36.01,36.96,36.72,38.05,33.58,35.33,33.83,28.94,29.16,33.57,33.11,31.91,2.2,1.5,2.58,3.15,2.75,2.38,2.94,2.91,2.41,3.3,3.1,2.83,3.04,3.13,3.11,3.24,2.8,2.97,2.83,2.35,2.37,2.8,2.75,2.64,NA,NA,NA,NA,NA,NA,NA,NA,NA,NA,NA,NA,NA,NA,NA,NA,NA,NA,NA,NA,NA,NA,NA,NA
38,CPV,Cabo Verde,554255,5,NA,2.91,2.92,2.63,2.41,2.15,2.48,2.24,2.5,2.47,2.33,2.32,2.15,2.45,2.06,2.02,2.14,1.86,2.4,2.08,2.2,2.26,2.17,1.98,2.57,0,0,0,0,0,0,0,0,0,0,0,0,0,0,0,0,0,0,0,0,0,0,0,0,NA,NA,NA,NA,NA,NA,NA,NA,NA,NA,NA,NA,NA,NA,NA,NA,NA,NA,NA,NA,NA,NA,NA,NA
39,KHM,Cambodia,17297449,5,NA,14.03,13.5,16.65,16.87,16.98,18.85,20.28,20.09,18.25,20.85,19.85,17.35,19.16,18.4,16.19,19.9,17.4,16.4,16.89,16.51,18.66,17.09,21.26,19.84,0.88,0.83,1.14,1.16,1.17,1.36,1.5,1.48,1.3,1.55,1.46,1.21,1.39,1.31,1.1,1.46,1.22,1.12,1.17,1.13,1.34,1.18,1.59,1.45,NA,NA,NA,NA,NA,NA,NA,NA,NA,NA,NA,NA,NA,NA,NA,NA,NA,NA,NA,NA,NA,NA,NA,NA
40,CMR,Cameroon,28568738,5,NA,31.01,28.65,30.15,31.55,30.1,29.44,30.74,30.43,28.22,29.51,32.27,30.38,31.5,30.19,29.75,30.84,28.74,28.09,30.71,30.97,30.43,29.58,31.52,30.98,2.55,2.32,2.46,2.6,2.46,2.4,2.52,2.49,2.28,2.4,2.67,2.49,2.6,2.47,2.43,2.53,2.33,2.26,2.52,2.55,2.49,2.41,2.6,2.55,NA,NA,NA,NA,NA,NA,NA,NA,NA,NA,NA,NA,NA,NA,NA,NA,NA,NA,NA,NA,NA,NA,NA,NA
41,CAN,Canada,37325048,5,8.8,9.15,8.32,8.2,8.25,8.33,8.66,8.03,8.8,7.83,7.58,7.45,6.98,6.83,7.09,6.62,6.89,7.08,7.07,5.79,6.5,6.46,6.09,5.83,8.01,0.41,0.33,0.31,0.32,0.33,0.36,0.3,0.37,0.28,0.25,0.24,0.19,0.18,0.2,0.16,0.19,0.2,0.2,0.08,0.15,0.14,0.11,0.08,0.29,0.03,0,0,0,0,0,0,0,0,0,0,0,0,0,0,0,0,0,0,0,0,0,0,0
42,CYM,Cayman Islands,57815,5,NA,8.14,7.47,6.83,6.14,7.38,7.64,6.34,6.86,6.73,6.81,6.15,6.5,6.38,7.71,6.32,6.41,6.94,7.43,6.25,6.29,7.01,7.71,6.79,7.44,0.31,0.24,0.18,0.11,0.23,0.26,0.13,0.18,0.17,0.18,0.11,0.15,0.14,0.27,0.13,0.14,0.19,0.24,0.12,0.13,0.2,0.27,0.18,0.24,NA,NA,NA,NA,NA,NA,NA,NA,NA,NA,NA,NA,NA,NA,NA,NA,NA,NA,NA,NA,NA,NA,NA,NA
43,CAF,Central African Republic,5395752,5,NA,28.78,27.66,28.3,23.67,23.69,24.99,25.74,24.72,22.62,25.12,25.77,26.63,26.35,28.3,26.38,28.08,25.95,25.6,25.83,25.33,27.64,26.86,27.24,25.57,2.33,2.22,2.28,1.83,1.83,1.96,2.03,1.93,1.73,1.97,2.04,2.12,2.09,2.28,2.1,2.26,2.05,2.02,2.04,1.99,2.22,2.14,2.18,2.02,NA,NA,NA,NA,NA,NA,NA,NA,NA,NA,NA,NA,NA,NA,NA,NA,NA,NA,NA,NA,NA,NA,NA,NA
44,TCD,Chad,17452358,5,NA,11.19,10.62,10.53,9.34,9.59,10.44,10.95,10.33,10.36,10.57,10.36,10.07,11.38,10.99,10.86,9.98,10.36,10.42,10.65,11.03,11.38,11.17,11.5,11.14,0.61,0.55,0.54,0.43,0.45,0.53,0.58,0.52,0.53,0.55,0.53,0.5,0.63,0.59,0.57,0.49,0.53,0.53,0.55,0.59,0.63,0.6,0.64,0.6,NA,NA,NA,NA,NA,NA,NA,NA,NA,NA,NA,NA,NA,NA,NA,NA,NA,NA,NA,NA,NA,NA,NA,NA
45,CHL,Chile,17984410,5,20,14.49,16.17,15.19,15.56,15.44,15.39,15.93,15.29,16.11,16.97,17.89,16.28,16.49,17.76,16.89,17.17,17.54,18.36,19.64,18.45,16.99,16.44,15.91,18.86,0.93,1.09,1,1.03,1.02,1.02,1.07,1.01,1.09,1.17,1.26,1.11,1.13,1.25,1.17,1.19,1.23,1.31,1.43,1.32,1.18,1.12,1.07,1.36,0,0,0,0,0,0,0,0,0,0,0,0,0,0,0,0,0,0,0,0,0,0,0,0
46,CHN,China,1402508466,5,35,32.77,31.89,35.77,37.04,39.63,45.43,44.19,47.22,50.29,50.61,50.12,48,46.72,52.48,49.02,52.29,50.21,46.85,43.41,40.91,35.83,35.09,31.91,30.2,2.72,2.64,3.02,3.14,3.39,3.96,3.84,4.14,4.44,4.47,4.42,4.21,4.09,4.65,4.31,4.63,4.43,4.1,3.76,3.52,3.02,2.95,2.64,2.47,0,0,0.08,0.2,0.45,1.02,0.9,1.2,1.5,1.53,1.48,1.27,1.15,1.71,1.37,1.69,1.49,1.16,0.82,0.58,0.08,0.01,0,0
47,CXR,Christmas Island,1702,5,NA,2.93,3.56,2.76,3,2.95,2.59,2.95,2.99,3.38,3.57,2.6,3.31,2.62,3.09,3.77,3.05,4.39,4.33,4.51,2.79,3.13,3.11,2.79,2.18,0,0,0,0,0,0,0,0,0,0,0,0,0,0,0,0,0,0,0,0,0,0,0,0,NA,NA,NA,NA,NA,NA,NA,NA,NA,NA,NA,NA,NA,NA,NA,NA,NA,NA,NA,NA,NA,NA,NA,NA
48,XCL,Clipperton Island,NA,5,NA,NA,NA,NA,NA,NA,NA,NA,NA,NA,NA,NA,NA,NA,NA,NA,NA,NA,NA,NA,NA,NA,NA,NA,NA,NA,NA,NA,NA,NA,NA,NA,NA,NA,NA,NA,NA,NA,NA,NA,NA,NA,NA,NA,NA,NA,NA,NA,NA,NA,NA,NA,NA,NA,NA,NA,NA,NA,NA,NA,NA,NA,NA,NA,NA,NA,NA,NA,NA,NA,NA,NA,NA
49,CCK,Cocos Islands,493,5,NA,1.38,1.76,1.97,1.58,1.87,1.68,2.18,1.72,2.1,2.19,1.63,1.99,1.81,2.19,2.37,1.91,2.16,2.48,1.98,1.99,2.01,2.16,1.72,1.81,0,0,0,0,0,0,0,0,0,0,0,0,0,0,0,0,0,0,0,0,0,0,0,0,NA,NA,NA,NA,NA,NA,NA,NA,NA,NA,NA,NA,NA,NA,NA,NA,NA,NA,NA,NA,NA,NA,NA,NA
50,COL,Colombia,50092132,5,20,10.98,9.38,12.4,16.28,15,16.91,15.18,15.59,15.19,15.33,14.83,15.34,16.75,16.16,16.25,15.97,16.55,15.81,16.32,15.57,14.74,15.66,15.6,13.62,0.59,0.43,0.73,1.11,0.98,1.17,1,1.04,1,1.01,0.96,1.01,1.15,1.09,1.1,1.08,1.13,1.06,1.11,1.04,0.95,1.04,1.04,0.84,0,0,0,0,0,0,0,0,0,0,0,0,0,0,0,0,0,0,0,0,0,0,0,0
51,COM,Comoros,797402,5,NA,6.57,6.42,6.46,6.77,5.77,6.41,5.85,6.53,7.77,8.06,6.62,7.72,7.44,7.71,7.11,7.71,5.96,6.5,7.08,7.41,6.98,7.03,6.89,6.4,0.15,0.14,0.14,0.17,0.08,0.14,0.08,0.15,0.27,0.3,0.16,0.27,0.24,0.27,0.21,0.27,0.09,0.15,0.2,0.24,0.19,0.2,0.19,0.14,NA,NA,NA,NA,NA,NA,NA,NA,NA,NA,NA,NA,NA,NA,NA,NA,NA,NA,NA,NA,NA,NA,NA,NA
52,COK,Cook Islands,6273,5,NA,0.74,0.88,1.01,0.99,1.19,1.15,1.08,1.23,1.13,0.98,0.96,1,0.95,0.9,1.01,1,1.08,1.18,1.03,1.05,1.12,1.21,1.2,0.96,0,0,0,0,0,0,0,0,0,0,0,0,0,0,0,0,0,0,0,0,0,0,0,0,NA,NA,NA,NA,NA,NA,NA,NA,NA,NA,NA,NA,NA,NA,NA,NA,NA,NA,NA,NA,NA,NA,NA,NA
53,CRI,Costa Rica,5123419,5,NA,12.24,9.55,9.66,11.12,10.2,12.28,10.94,12.85,12.53,12.98,12.68,12.35,14.97,14.34,12.98,13.07,12.36,11.93,13.06,13.61,11.85,12.23,12.74,12.51,0.71,0.45,0.46,0.6,0.51,0.71,0.58,0.77,0.74,0.78,0.75,0.72,0.98,0.92,0.78,0.79,0.72,0.68,0.79,0.84,0.67,0.71,0.76,0.74,NA,NA,NA,NA,NA,NA,NA,NA,NA,NA,NA,NA,NA,NA,NA,NA,NA,NA,NA,NA,NA,NA,NA,NA
54,HRV,Croatia,4147707,5,25,20.54,18.97,18.33,20.43,20.67,21.54,19.48,21.52,21.8,17.6,17.38,17.85,18.22,22.28,18.33,17.8,15.23,18.43,17.53,17.32,16.66,13.6,14.2,14.86,1.52,1.37,1.31,1.51,1.54,1.62,1.42,1.62,1.65,1.23,1.21,1.26,1.3,1.69,1.31,1.25,1,1.32,1.23,1.21,1.14,0.84,0.9,0.97,0,0,0,0,0,0,0,0,0,0,0,0,0,0,0,0,0,0,0,0,0,0,0,0
55,CUB,Cuba,10882994,5,NA,8.27,7.6,7.63,7.77,7.91,7.69,7.23,7.58,7.04,6.56,5.7,6.28,7.03,7.26,6.19,6.31,6.42,6.32,6.16,6.32,6.11,6.47,6.58,6.84,0.32,0.25,0.26,0.27,0.29,0.26,0.22,0.25,0.2,0.15,0.07,0.13,0.2,0.22,0.12,0.13,0.14,0.13,0.11,0.13,0.11,0.14,0.15,0.18,NA,NA,NA,NA,NA,NA,NA,NA,NA,NA,NA,NA,NA,NA,NA,NA,NA,NA,NA,NA,NA,NA,NA,NA
56,CUW,Curaçao,148910,5,NA,3.69,4.59,3.3,3.52,3.23,4.45,4.21,4.86,4.01,4.31,4.62,3.65,7.14,4.55,4.3,3.73,3.25,3.18,4.32,4.34,3.49,4.15,3.78,3.59,0,0,0,0,0,0,0,0,0,0,0,0,0.21,0,0,0,0,0,0,0,0,0,0,0,NA,NA,NA,NA,NA,NA,NA,NA,NA,NA,NA,NA,NA,NA,NA,NA,NA,NA,NA,NA,NA,NA,NA,NA
57,CYP,Cyprus,831156,5,25,11.99,12.03,14.75,13.71,11.86,12.18,11.57,12.62,12.83,13.08,12.89,13.32,11.57,17.08,18.6,12.48,12.11,12.46,11.51,11.96,10.66,10.41,11.53,12.35,0.69,0.69,0.96,0.85,0.67,0.7,0.64,0.75,0.77,0.79,0.77,0.82,0.64,1.18,1.33,0.73,0.7,0.73,0.64,0.68,0.55,0.53,0.64,0.72,0,0,0,0,0,0,0,0,0,0,0,0,0,0,0,0,0,0,0,0,0,0,0,0
58,CZE,Czechia,10710377,5,25,20.37,19.47,18.8,20.61,22.04,21.95,19.71,21.74,21.78,16.05,15.85,17.94,20.75,19.3,17.11,18.05,17.16,15.34,15.56,15.61,15.88,11.94,11.95,13.23,1.51,1.42,1.35,1.53,1.67,1.66,1.44,1.64,1.64,1.08,1.06,1.27,1.54,1.4,1.19,1.28,1.19,1.01,1.03,1.04,1.07,0.68,0.68,0.81,0,0,0,0,0,0,0,0,0,0,0,0,0,0,0,0,0,0,0,0,0,0,0,0
59,CIV,Côte d'Ivoire,28001030,5,NA,11.17,10.14,11.69,12.48,11.88,12.92,13.14,13.44,12.7,12.53,12.88,13.36,12.83,12.78,10.94,10.81,10.91,11.31,11.1,10.96,11.13,11.28,10.64,10.76,0.6,0.5,0.66,0.73,0.67,0.78,0.8,0.83,0.75,0.74,0.77,0.82,0.77,0.76,0.58,0.57,0.58,0.62,0.6,0.58,0.6,0.62,0.55,0.56,NA,NA,NA,NA,NA,NA,NA,NA,NA,NA,NA,NA,NA,NA,NA,NA,NA,NA,NA,NA,NA,NA,NA,NA
60,COD,Democratic Republic of the Congo,104994937,5,NA,34.82,26.59,32.86,35.88,36.03,33.53,36.11,35.91,30.61,34.14,35.57,35,38.35,36.33,38.03,39.9,34.68,37.61,34.99,30.87,32.55,35.21,34.42,34.64,2.92,2.12,2.73,3.03,3.04,2.8,3.05,3.03,2.51,2.86,3,2.94,3.27,3.07,3.24,3.42,2.91,3.2,2.94,2.54,2.7,2.96,2.88,2.9,NA,NA,NA,NA,NA,NA,NA,NA,NA,NA,NA,NA,NA,NA,NA,NA,NA,NA,NA,NA,NA,NA,NA,NA
61,DNK,Denmark,5801338,5,25,11.89,11.92,11.87,10.67,11.25,12.68,9.23,9.67,10.48,9.35,9.18,10.24,10.57,12.11,8.67,8.35,10.14,8.38,7.8,7.74,9.12,8.13,6.88,8.09,0.68,0.68,0.67,0.56,0.61,0.75,0.41,0.46,0.54,0.43,0.41,0.51,0.55,0.7,0.36,0.33,0.5,0.33,0.27,0.27,0.4,0.31,0.18,0.3,0,0,0,0,0,0,0,0,0,0,0,0,0,0,0,0,0,0,0,0,0,0,0,0
62,DJI,Djibouti,921088,5,NA,13.6,15.87,16.46,14.25,15.9,16.13,16.12,16.6,17.53,18.05,16.66,17.26,19,20.27,18.54,17.6,17.7,18.54,17.72,19.23,19.9,19.61,16.81,17.44,0.84,1.07,1.12,0.91,1.07,1.09,1.09,1.14,1.23,1.28,1.14,1.2,1.37,1.5,1.33,1.23,1.24,1.33,1.25,1.39,1.46,1.43,1.16,1.22,NA,NA,NA,NA,NA,NA,NA,NA,NA,NA,NA,NA,NA,NA,NA,NA,NA,NA,NA,NA,NA,NA,NA,NA
63,DMA,Dominica,68581,5,NA,2.32,3.26,2.5,2.91,2.12,2.69,2.75,3.25,3,2.48,2.55,2.86,3.9,2.85,2.58,2.16,2.23,2.09,2.43,2.51,2.16,2.36,2.38,2.48,0,0,0,0,0,0,0,0,0,0,0,0,0,0,0,0,0,0,0,0,0,0,0,0,NA,NA,NA,NA,NA,NA,NA,NA,NA,NA,NA,NA,NA,NA,NA,NA,NA,NA,NA,NA,NA,NA,NA,NA
64,DOM,Dominican Republic,10530269,5,15,6.53,6.62,6.17,7.78,7.33,8.08,6.49,8.45,7.63,7.33,6.69,6.67,8.54,7.25,6.84,6.9,7.43,7.29,7.86,8.44,7.81,7.97,7.2,7.87,0.15,0.16,0.11,0.27,0.23,0.3,0.15,0.34,0.26,0.23,0.17,0.16,0.35,0.22,0.18,0.19,0.24,0.22,0.28,0.34,0.28,0.29,0.22,0.28,0,0,0,0,0,0,0,0,0,0,0,0,0,0,0,0,0,0,0,0,0,0,0,0
65,ECU,Ecuador,17062470,5,15,10.52,10.05,12.94,15.22,15.32,15.8,16.74,17.67,16.62,16.84,17.15,16.99,18.6,16.99,17.1,17.11,16.73,16.83,17.2,16.55,16.27,15.91,16.32,16.01,0.54,0.49,0.78,1,1.01,1.06,1.15,1.24,1.14,1.16,1.19,1.18,1.33,1.18,1.19,1.19,1.15,1.16,1.2,1.13,1.1,1.07,1.11,1.08,0,0,0,0.02,0.03,0.08,0.17,0.26,0.16,0.18,0.21,0.2,0.35,0.2,0.21,0.21,0.17,0.18,0.22,0.15,0.12,0.09,0.13,0.1
66,EGY,Egypt,106245735,5,50,17.35,18.23,20.57,17.8,15.81,15.75,15.61,16.11,18.02,17.33,16.75,16.85,15.3,18.6,20.08,16.47,16.66,18.2,17.13,19.08,17.35,17.02,17.78,18.24,1.21,1.3,1.53,1.25,1.06,1.05,1.04,1.09,1.28,1.21,1.15,1.16,1.01,1.33,1.48,1.12,1.14,1.29,1.19,1.38,1.21,1.18,1.25,1.3,0,0,0,0,0,0,0,0,0,0,0,0,0,0,0,0,0,0,0,0,0,0,0,0
67,SLV,El Salvador,6485597,5,15,27.92,20.51,24.56,22.67,22.22,26.53,22.32,28.37,23.58,26.44,26.31,26.8,28.45,29.55,26.8,28.56,25.43,24.31,25.96,26.54,25.45,26.65,27.73,25.84,2.25,1.52,1.92,1.73,1.69,2.11,1.7,2.29,1.82,2.1,2.09,2.14,2.3,2.41,2.14,2.31,2,1.89,2.05,2.11,2,2.12,2.23,2.04,1.27,0.54,0.94,0.75,0.71,1.13,0.72,1.31,0.84,1.12,1.11,1.16,1.32,1.43,1.16,1.33,1.02,0.91,1.07,1.13,1.02,1.14,1.25,1.06
68,GNQ,Equatorial Guinea,839050,5,NA,23.69,19.86,25.63,26,24.85,24.59,26.41,22.7,21.52,25.6,28.2,26.18,28.04,26.65,25.34,27.76,24.59,26.5,28.3,26.27,26.53,26.83,28.75,29.06,1.83,1.46,2.02,2.06,1.95,1.92,2.1,1.73,1.62,2.02,2.27,2.08,2.26,2.12,1.99,2.23,1.92,2.11,2.28,2.08,2.11,2.14,2.33,2.36,NA,NA,NA,NA,NA,NA,NA,NA,NA,NA,NA,NA,NA,NA,NA,NA,NA,NA,NA,NA,NA,NA,NA,NA
69,ERI,Eritrea,6087587,5,NA,10.91,11.15,11.83,10.69,11.87,11.89,10.66,11.35,12.13,12.65,12.81,12.39,12.3,14.37,12.89,11.85,12.42,13.35,12.7,14.75,13.8,12.72,11.56,12.95,0.58,0.6,0.67,0.56,0.67,0.68,0.55,0.62,0.7,0.75,0.77,0.72,0.72,0.92,0.77,0.67,0.73,0.82,0.75,0.96,0.86,0.76,0.64,0.78,NA,NA,NA,NA,NA,NA,NA,NA,NA,NA,NA,NA,NA,NA,NA,NA,NA,NA,NA,NA,NA,NA,NA,NA
70,EST,Estonia,1210354,5,25,9.24,9.65,7.92,8.31,8.98,8.87,8.28,8.43,9.79,9.16,8.52,8.62,9.28,7.69,8.06,7.74,8.47,6.8,6.3,5.69,7.38,5.79,5.49,6.68,0.42,0.46,0.29,0.32,0.39,0.38,0.32,0.34,0.47,0.41,0.34,0.35,0.42,0.26,0.3,0.27,0.34,0.18,0.13,0.07,0.23,0.08,0.05,0.16,0,0,0,0,0,0,0,0,0,0,0,0,0,0,0,0,0,0,0,0,0,0,0,0
71,ETH,Ethiopia,110966009,5,NA,7.14,7.02,12.04,14.06,14,13.92,13.77,14.48,15.26,16.8,15.54,15.67,16.77,17.9,15.95,16.75,16.29,17.59,16.63,16.74,16.35,16.12,16.93,16.96,0.21,0.2,0.69,0.89,0.88,0.87,0.86,0.93,1.01,1.16,1.03,1.05,1.15,1.26,1.07,1.15,1.11,1.23,1.14,1.15,1.11,1.09,1.17,1.17,NA,NA,NA,NA,NA,NA,NA,NA,NA,NA,NA,NA,NA,NA,NA,NA,NA,NA,NA,NA,NA,NA,NA,NA
72,FLK,Falkland Islands,2884,5,NA,1.4,1.64,1.36,1.43,1.7,1.53,1.44,1.72,1.79,1.89,2.13,1.71,1.7,1.95,1.53,1.64,1.91,1.75,1.69,1.72,1.76,1.83,1.9,2,0,0,0,0,0,0,0,0,0,0,0,0,0,0,0,0,0,0,0,0,0,0,0,0,NA,NA,NA,NA,NA,NA,NA,NA,NA,NA,NA,NA,NA,NA,NA,NA,NA,NA,NA,NA,NA,NA,NA,NA
73,FRO,Faroe Islands,46808,5,NA,2.48,2.82,2.74,2.73,2.84,3.53,2.53,2.41,3.07,2.47,2.83,2.99,2.7,2.73,2.16,2.97,3.49,2.56,1.91,2.54,2.66,2.73,2.45,2.55,0,0,0,0,0,0,0,0,0,0,0,0,0,0,0,0,0,0,0,0,0,0,0,0,NA,NA,NA,NA,NA,NA,NA,NA,NA,NA,NA,NA,NA,NA,NA,NA,NA,NA,NA,NA,NA,NA,NA,NA
74,FJI,Fiji,894668,5,NA,1.77,2.62,2.65,2.47,2.5,2.39,2.52,2.54,2.44,2.81,3.73,2.67,2.79,2.99,2.63,2.7,2.47,2.77,2.53,3.19,2.94,2.77,2.28,2.44,0,0,0,0,0,0,0,0,0,0,0,0,0,0,0,0,0,0,0,0,0,0,0,0,NA,NA,NA,NA,NA,NA,NA,NA,NA,NA,NA,NA,NA,NA,NA,NA,NA,NA,NA,NA,NA,NA,NA,NA
75,FIN,Finland,5458427,5,25,7.05,7.36,6.33,6.54,6.54,6.92,6.66,6.58,7.82,7,6.07,6.48,7.24,6.23,6.3,5.65,6.55,5.19,5.04,4.4,5.3,4.53,4.42,5.14,0.2,0.23,0.13,0.15,0.15,0.19,0.16,0.15,0.28,0.2,0.1,0.15,0.22,0.12,0.13,0.06,0.15,0.02,0,0,0.03,0,0,0.01,0,0,0,0,0,0,0,0,0,0,0,0,0,0,0,0,0,0,0,0,0,0,0,0
76,FRA,France,65606656,5,25,13.6,13.01,11.73,13.37,12.55,13.17,11.27,11.78,11.62,11.67,12.13,13.56,14.49,13.9,12.15,13.04,9.63,10.39,9.86,9.35,9.28,7.92,7.7,9.17,0.84,0.78,0.66,0.82,0.74,0.8,0.61,0.66,0.65,0.65,0.7,0.84,0.93,0.87,0.7,0.79,0.45,0.53,0.48,0.43,0.42,0.29,0.26,0.41,0,0,0,0,0,0,0,0,0,0,0,0,0,0,0,0,0,0,0,0,0,0,0,0
77,GUF,French Guiana,288586,5,NA,4.33,4.78,4.54,6.52,5.64,6.01,6.28,6.28,6.14,5.82,6.69,6.73,6.12,5.8,5.94,5.51,5.08,5.44,5.5,5.53,5.36,5.66,5.2,5.79,0,0,0,0.15,0.06,0.1,0.13,0.13,0.11,0.08,0.17,0.17,0.11,0.08,0.09,0.05,0.01,0.04,0.05,0.05,0.04,0.06,0.02,0.08,NA,NA,NA,NA,NA,NA,NA,NA,NA,NA,NA,NA,NA,NA,NA,NA,NA,NA,NA,NA,NA,NA,NA,NA
78,PYF,French Polynesia,237315,5,NA,0.99,1.18,1.29,1.38,1.56,1.59,1.33,1.68,1.31,1.43,1.13,1.23,1.17,1.05,1.22,1.24,1.41,1.41,1.18,1.19,1.34,1.41,1.41,1.4,0,0,0,0,0,0,0,0,0,0,0,0,0,0,0,0,0,0,0,0,0,0,0,0,NA,NA,NA,NA,NA,NA,NA,NA,NA,NA,NA,NA,NA,NA,NA,NA,NA,NA,NA,NA,NA,NA,NA,NA
79,ATF,French Southern Territories,NA,5,NA,NA,NA,NA,NA,NA,NA,NA,NA,NA,NA,NA,NA,NA,NA,NA,NA,NA,NA,NA,NA,NA,NA,NA,NA,NA,NA,NA,NA,NA,NA,NA,NA,NA,NA,NA,NA,NA,NA,NA,NA,NA,NA,NA,NA,NA,NA,NA,NA,NA,NA,NA,NA,NA,NA,NA,NA,NA,NA,NA,NA,NA,NA,NA,NA,NA,NA,NA,NA,NA,NA,NA,NA
80,GAB,Gabon,2277423,5,NA,19.48,15.85,21.51,23,20.5,20.7,22.56,18.22,17.84,22.28,24.97,22.2,23.86,23.52,22.71,25.07,22.13,23.81,24.35,21.52,23.16,23.02,24.53,23.57,1.42,1.06,1.62,1.76,1.52,1.54,1.72,1.3,1.26,1.69,1.96,1.69,1.85,1.81,1.74,1.97,1.68,1.84,1.9,1.62,1.78,1.77,1.91,1.82,NA,NA,NA,NA,NA,NA,NA,NA,NA,NA,NA,NA,NA,NA,NA,NA,NA,NA,NA,NA,NA,NA,NA,NA
81,GMB,Gambia,2207303,5,NA,6.77,7.12,6.63,5.5,5,5.8,5.46,5.98,6.49,6.06,6.24,6.74,7.08,6.22,6.49,6.26,6.18,6.85,5.9,6.28,5.5,6.65,6.86,7.06,0.17,0.21,0.16,0.05,0,0.08,0.05,0.1,0.15,0.1,0.12,0.17,0.2,0.12,0.15,0.12,0.12,0.18,0.09,0.13,0.05,0.16,0.18,0.2,NA,NA,NA,NA,NA,NA,NA,NA,NA,NA,NA,NA,NA,NA,NA,NA,NA,NA,NA,NA,NA,NA,NA,NA
82,GEO,Georgia,4925584,5,20,15.82,14.88,15.3,14.83,14.99,14.79,14.02,14.62,14.53,15.37,14.61,15.31,13.44,15.98,15.95,15.44,15.81,15.55,13.8,16.25,13.73,15.22,14.73,14.5,1.06,0.97,1.01,0.96,0.98,0.96,0.88,0.94,0.93,1.02,0.94,1.01,0.83,1.08,1.07,1.02,1.06,1.03,0.86,1.1,0.86,1,0.95,0.93,0,0,0,0,0,0,0,0,0,0,0,0,0,0,0,0,0,0,0,0,0,0,0,0
83,DEU,Germany,79867443,5,25,15.04,14.31,13.52,13.55,13.98,15.09,13.72,13.72,14.16,12.29,12.59,13.84,14.72,14.09,11.6,12.55,12.18,10.98,10.89,10.94,11.02,8.99,8.08,9.34,0.98,0.91,0.83,0.84,0.88,0.99,0.85,0.85,0.9,0.71,0.74,0.87,0.95,0.89,0.65,0.74,0.7,0.59,0.58,0.58,0.59,0.39,0.3,0.43,0,0,0,0,0,0,0,0,0,0,0,0,0,0,0,0,0,0,0,0,0,0,0,0
84,GHA,Ghana,32327350,5,NA,12.42,11.81,15.1,15.08,14.26,15.14,15.41,15.65,14.69,15.14,15.83,15.16,15.17,14.85,12.89,12.18,12.34,13,13.62,13.47,13.28,13.34,13.26,13.12,0.73,0.67,0.99,0.99,0.91,0.99,1.02,1.04,0.95,0.99,1.06,1,1,0.97,0.77,0.7,0.72,0.78,0.84,0.83,0.81,0.82,0.81,0.8,NA,NA,NA,NA,NA,NA,NA,NA,NA,NA,NA,NA,NA,NA,NA,NA,NA,NA,NA,NA,NA,NA,NA,NA
85,GIB,Gibraltar,24797,5,NA,9.85,10.05,9.29,10.22,10.99,10.14,9.92,10.13,11.02,12.22,10.3,12,8.62,10.24,10.37,10.12,9.22,10.38,8.36,8.86,10.06,9.66,8.59,9.7,0.48,0.49,0.42,0.51,0.59,0.5,0.48,0.5,0.59,0.71,0.52,0.69,0.35,0.51,0.53,0.5,0.41,0.53,0.33,0.38,0.5,0.46,0.35,0.46,NA,NA,NA,NA,NA,NA,NA,NA,NA,NA,NA,NA,NA,NA,NA,NA,NA,NA,NA,NA,NA,NA,NA,NA
86,GRC,Greece,10403252,5,25,14.94,13.73,15.31,14.71,15.55,16.67,13.67,15.28,16.29,16.61,14.63,13.27,10.16,16.24,14.81,11.27,11.57,12.42,11.77,12.08,11.45,11.01,11.42,11.83,0.97,0.86,1.01,0.95,1.03,1.14,0.85,1.01,1.11,1.14,0.94,0.81,0.51,1.1,0.96,0.61,0.64,0.73,0.66,0.69,0.63,0.59,0.63,0.67,0,0,0,0,0,0,0,0,0,0,0,0,0,0,0,0,0,0,0,0,0,0,0,0
87,GRL,Greenland,31286,5,NA,1.52,1.56,1.42,1.17,1.23,1.36,1.54,1.27,1.23,1.24,1.58,1.26,1.33,1.28,1.38,1.28,1.46,1.18,0.98,1.27,1.01,1.31,1.15,1.25,0,0,0,0,0,0,0,0,0,0,0,0,0,0,0,0,0,0,0,0,0,0,0,0,NA,NA,NA,NA,NA,NA,NA,NA,NA,NA,NA,NA,NA,NA,NA,NA,NA,NA,NA,NA,NA,NA,NA,NA
88,GRD,Grenada,105643,5,NA,2.34,3.09,2.56,3.15,2.51,2.86,2.78,2.99,2.78,2.61,2.83,3.08,4.09,2.96,3.05,2.44,2.28,2.51,2.77,3.01,2.52,2.62,2.37,2.61,0,0,0,0,0,0,0,0,0,0,0,0,0,0,0,0,0,0,0,0,0,0,0,0,NA,NA,NA,NA,NA,NA,NA,NA,NA,NA,NA,NA,NA,NA,NA,NA,NA,NA,NA,NA,NA,NA,NA,NA
89,GLP,Guadeloupe,362440,5,NA,2.42,3.43,2.88,3.09,2.36,2.82,3.07,3.35,3.25,2.59,2.7,2.97,4.19,2.94,2.71,2.26,2.47,2.26,2.66,2.74,2.41,2.62,2.6,2.77,0,0,0,0,0,0,0,0,0,0,0,0,0,0,0,0,0,0,0,0,0,0,0,0,NA,NA,NA,NA,NA,NA,NA,NA,NA,NA,NA,NA,NA,NA,NA,NA,NA,NA,NA,NA,NA,NA,NA,NA
90,GUM,Guam,164967,5,NA,0.79,0.8,0.92,1.06,1.2,1.43,1.5,1.47,1.56,1.34,1.24,1.36,1.18,1.38,1.77,1.55,1.99,2.24,1.21,1.4,1.15,1.34,1.07,1.33,0,0,0,0,0,0,0,0,0,0,0,0,0,0,0,0,0,0,0,0,0,0,0,0,NA,NA,NA,NA,NA,NA,NA,NA,NA,NA,NA,NA,NA,NA,NA,NA,NA,NA,NA,NA,NA,NA,NA,NA
91,GTM,Guatemala,17402899,5,NA,27.96,21.18,28.75,26.19,25.43,30.75,24.11,30.66,27.2,28.69,27.47,28.6,28.15,29.31,28.62,30.21,27.99,27.22,28.47,28.17,25.74,27.48,29.62,29.05,2.25,1.59,2.33,2.08,2,2.52,1.87,2.51,2.18,2.32,2.2,2.31,2.27,2.38,2.31,2.47,2.25,2.18,2.3,2.27,2.03,2.2,2.41,2.36,NA,NA,NA,NA,NA,NA,NA,NA,NA,NA,NA,NA,NA,NA,NA,NA,NA,NA,NA,NA,NA,NA,NA,NA
92,GGY,Guernsey,66747,5,NA,10.36,8.86,8.03,7.87,7.87,9.22,7.61,7.6,7.93,8.02,8.94,9.1,9.85,9.79,8.66,9.39,8.02,6.78,7.4,6.82,7.63,7.31,6.3,7.97,0.53,0.38,0.3,0.28,0.28,0.41,0.26,0.25,0.29,0.3,0.39,0.4,0.48,0.47,0.36,0.43,0.3,0.17,0.24,0.18,0.26,0.23,0.13,0.29,NA,NA,NA,NA,NA,NA,NA,NA,NA,NA,NA,NA,NA,NA,NA,NA,NA,NA,NA,NA,NA,NA,NA,NA
93,GIN,Guinea,12795452,5,NA,15.17,13.53,12.46,11.13,9.81,11.46,12.1,11.68,11.14,10.78,11.37,13.39,13.18,11.74,10.87,11.73,11.76,10.81,10.95,10.95,10.53,11.28,10.85,11.2,1,0.84,0.73,0.6,0.47,0.63,0.7,0.65,0.6,0.57,0.62,0.82,0.8,0.66,0.58,0.66,0.66,0.57,0.58,0.58,0.54,0.62,0.57,0.61,NA,NA,NA,NA,NA,NA,NA,NA,NA,NA,NA,NA,NA,NA,NA,NA,NA,NA,NA,NA,NA,NA,NA,NA
94,GNB,Guinea-Bissau,1900902,5,NA,8.59,8.9,8.53,7.41,6.47,7.69,7.76,8,8.47,7.8,7.9,9.27,9.12,8.13,7.92,8.06,8.32,8.21,7.47,7.66,7.12,8.38,8.46,8.57,0.35,0.38,0.35,0.24,0.14,0.26,0.27,0.29,0.34,0.27,0.28,0.42,0.4,0.31,0.29,0.3,0.33,0.31,0.24,0.26,0.21,0.33,0.34,0.35,NA,NA,NA,NA,NA,NA,NA,NA,NA,NA,NA,NA,NA,NA,NA,NA,NA,NA,NA,NA,NA,NA,NA,NA
95,GUY,Guyana,747880,5,NA,5.59,6.49,5.53,8.37,7.16,8.43,7.67,8.28,7.55,7.23,8.3,7.83,8.86,7.37,7.46,6.8,6.35,6.58,7.05,6.28,6.15,6.44,6.32,7.14,0.06,0.15,0.05,0.33,0.21,0.34,0.26,0.32,0.25,0.22,0.32,0.28,0.38,0.23,0.24,0.18,0.13,0.15,0.2,0.13,0.11,0.14,0.13,0.21,NA,NA,NA,NA,NA,NA,NA,NA,NA,NA,NA,NA,NA,NA,NA,NA,NA,NA,NA,NA,NA,NA,NA,NA
96,HTI,Haiti,11010430,5,NA,8.05,7.76,7.52,8.6,8.58,9.27,7.93,9.8,9.22,8.72,8.5,8.84,10.32,9.26,8.8,9.05,9.1,9.27,8.61,9.2,8.93,9.37,9.31,10.09,0.3,0.27,0.25,0.35,0.35,0.42,0.29,0.47,0.41,0.36,0.34,0.38,0.52,0.42,0.37,0.4,0.4,0.42,0.35,0.41,0.39,0.43,0.42,0.5,NA,NA,NA,NA,NA,NA,NA,NA,NA,NA,NA,NA,NA,NA,NA,NA,NA,NA,NA,NA,NA,NA,NA,NA
97,HMD,Heard Island and McDonald Island,NA,5,NA,NA,NA,NA,NA,NA,NA,NA,NA,NA,NA,NA,NA,NA,NA,NA,NA,NA,NA,NA,NA,NA,NA,NA,NA,NA,NA,NA,NA,NA,NA,NA,NA,NA,NA,NA,NA,NA,NA,NA,NA,NA,NA,NA,NA,NA,NA,NA,NA,NA,NA,NA,NA,NA,NA,NA,NA,NA,NA,NA,NA,NA,NA,NA,NA,NA,NA,NA,NA,NA,NA,NA,NA
98,HND,Honduras,9310136,5,NA,23.14,17.43,23.12,22.3,21.86,26.68,21.61,27.62,24.36,24.23,26.22,24.22,25.13,28.78,23.64,27.17,24.51,22.8,22.89,23.82,22.31,23.65,29.66,25.14,1.78,1.22,1.78,1.7,1.65,2.12,1.63,2.22,1.9,1.88,2.08,1.88,1.97,2.33,1.83,2.17,1.91,1.74,1.75,1.84,1.7,1.83,2.42,1.97,NA,NA,NA,NA,NA,NA,NA,NA,NA,NA,NA,NA,NA,NA,NA,NA,NA,NA,NA,NA,NA,NA,NA,NA
99,HUN,Hungary,9730511,5,25,23.71,23.36,20.94,23.31,23.77,24.88,20.91,21.87,22.47,16.26,16.34,18.66,18.88,22.19,18.48,17.82,15.92,17.75,15.53,17.59,15.91,13.16,12.88,14.09,1.83,1.8,1.56,1.79,1.84,1.95,1.56,1.65,1.71,1.1,1.11,1.34,1.36,1.68,1.32,1.26,1.07,1.25,1.03,1.23,1.07,0.8,0.77,0.89,0,0,0,0,0,0,0,0,0,0,0,0,0,0,0,0,0,0,0,0,0,0,0,0
100,ISL,Iceland,333074,5,25,2.94,3.1,3.01,3.21,3.43,3.37,3.52,3.08,3.09,2.97,3.04,3.36,4.62,3.34,2.97,3.5,3.66,3.05,3.13,3.42,2.85,3.52,2.57,4.1,0,0,0,0,0,0,0,0,0,0,0,0,0,0,0,0,0,0,0,0,0,0,0,0,0,0,0,0,0,0,0,0,0,0,0,0,0,0,0,0,0,0,0,0,0,0,0,0
101,IND,India,1338260837,5,40,35.01,34.96,37.93,41.88,41.98,45.31,44.88,45.93,47.79,49.54,52.91,52.44,52.57,56.39,51.36,53.58,52.13,51.93,55.19,53.35,53.76,55.94,56.24,58.7,2.94,2.94,3.23,3.61,3.62,3.95,3.91,4.01,4.19,4.36,4.7,4.65,4.66,5.04,4.54,4.76,4.62,4.6,4.92,4.74,4.78,4.99,5.02,5.26,0,0,0,0.18,0.19,0.52,0.48,0.58,0.76,0.93,1.27,1.22,1.23,1.61,1.11,1.33,1.19,1.17,1.49,1.31,1.35,1.56,1.59,1.83
102,IDN,Indonesia,271983396,5,15,13.4,13.83,14.86,16.04,19.51,17.05,19.34,18.77,22.9,19.25,18.15,20.64,18.88,20.37,20.61,19.79,23.61,25.08,19.76,17.36,19.31,22.4,17.83,18.76,0.82,0.87,0.97,1.08,1.42,1.18,1.41,1.35,1.75,1.4,1.29,1.53,1.36,1.51,1.53,1.45,1.82,1.97,1.45,1.21,1.4,1.71,1.26,1.35,0,0,0,0.1,0.44,0.2,0.43,0.37,0.77,0.42,0.31,0.55,0.38,0.53,0.55,0.47,0.84,0.99,0.47,0.23,0.42,0.73,0.28,0.37
103,IRN,Iran,85723033,5,NA,13.69,12.77,15.57,13.57,14.69,13.36,13.07,14.34,15.39,15.29,16.37,16.98,16.51,18.2,18.14,15.56,17.28,16.41,15.67,17.86,16.79,17.57,17.33,16.62,0.85,0.76,1.04,0.84,0.95,0.82,0.79,0.92,1.02,1.01,1.11,1.17,1.13,1.29,1.29,1.03,1.2,1.12,1.05,1.26,1.16,1.23,1.21,1.14,NA,NA,NA,NA,NA,NA,NA,NA,NA,NA,NA,NA,NA,NA,NA,NA,NA,NA,NA,NA,NA,NA,NA,NA
104,IRQ,Iraq,39646281,5,NA,17.95,24.47,24.69,20,20.06,18.2,17.85,21.28,20.54,20.93,24.95,27.54,24.86,26.58,29.02,26,24.58,24.79,22.71,25.04,26.48,23.3,23.51,24.62,1.27,1.91,1.93,1.47,1.48,1.29,1.26,1.6,1.52,1.56,1.96,2.21,1.95,2.11,2.35,2.06,1.92,1.94,1.74,1.96,2.11,1.79,1.81,1.92,NA,NA,NA,NA,NA,NA,NA,NA,NA,NA,NA,NA,NA,NA,NA,NA,NA,NA,NA,NA,NA,NA,NA,NA
105,IRL,Ireland,5023426,5,25,7.04,6.6,6.39,7.68,6.93,8.41,5.92,6.58,6.34,6.84,6.52,6.34,7.55,6.46,6.25,7.32,6.09,5.38,5.78,4.94,5.65,5.97,5.31,6.45,0.2,0.16,0.14,0.26,0.19,0.33,0.09,0.15,0.13,0.18,0.15,0.13,0.25,0.14,0.12,0.23,0.11,0.04,0.08,0,0.06,0.1,0.03,0.14,0,0,0,0,0,0,0,0,0,0,0,0,0,0,0,0,0,0,0,0,0,0,0,0
106,IMN,Isle of Man,88758,5,NA,7.4,6.67,6.21,7.14,7.01,8.69,5.43,6.04,6.52,6.67,6.4,6.37,7.03,6.88,5.97,7.48,6.31,5.98,5.76,5.36,6.3,6.39,5.56,6.46,0.24,0.16,0.12,0.21,0.2,0.36,0.04,0.1,0.15,0.16,0.14,0.13,0.2,0.18,0.1,0.24,0.13,0.1,0.07,0.04,0.13,0.14,0.05,0.14,NA,NA,NA,NA,NA,NA,NA,NA,NA,NA,NA,NA,NA,NA,NA,NA,NA,NA,NA,NA,NA,NA,NA,NA
107,ISR,Israel,8893128,5,25,10.13,10.52,13.52,12.28,11,10.61,10.15,10.57,11.36,11.14,10.74,11.31,10.86,12.11,13.44,11.52,10.52,12.83,10.48,11.88,11.87,11.38,12.41,12.55,0.5,0.54,0.83,0.71,0.59,0.55,0.5,0.55,0.62,0.6,0.56,0.62,0.57,0.7,0.83,0.64,0.54,0.77,0.54,0.67,0.67,0.63,0.73,0.74,0,0,0,0,0,0,0,0,0,0,0,0,0,0,0,0,0,0,0,0,0,0,0,0
108,ITA,Italy,61859348,5,25,18.07,17.07,18.15,17.51,18.72,19.13,16.43,18.21,19.48,18.28,15.9,15.92,15.67,18.49,16.36,15.32,12.11,16.08,13.38,15.4,12.64,12.03,13.39,12.98,1.28,1.18,1.29,1.23,1.34,1.38,1.12,1.29,1.42,1.3,1.07,1.07,1.05,1.32,1.11,1.01,0.7,1.09,0.82,1.02,0.75,0.69,0.82,0.78,0,0,0,0,0,0,0,0,0,0,0,0,0,0,0,0,0,0,0,0,0,0,0,0
109,JAM,Jamaica,2782704,5,15,9.49,9.9,10.04,10.17,11.19,11.64,11.48,12.97,12.87,11.23,11.78,11.64,13.19,11.9,11.92,11.34,12.21,11.74,11.76,11.34,11.27,12.42,12.73,13.02,0.44,0.48,0.49,0.51,0.61,0.65,0.64,0.78,0.77,0.61,0.66,0.65,0.8,0.68,0.68,0.62,0.71,0.66,0.66,0.62,0.61,0.73,0.76,0.79,0,0,0,0,0,0,0,0,0,0,0,0,0,0,0,0,0,0,0,0,0,0,0,0
110,JPN,Japan,123419990,5,15,11.79,10.56,14.88,13.45,13.02,14.17,12.63,13.51,14.1,13.21,14.41,12.8,11.49,11.8,12.64,11.79,12.83,12.19,11.58,11.49,11.38,11.25,10.73,10.68,0.67,0.54,0.97,0.83,0.79,0.9,0.75,0.83,0.89,0.8,0.92,0.76,0.64,0.67,0.75,0.67,0.77,0.7,0.64,0.64,0.63,0.61,0.56,0.56,0,0,0,0,0,0,0,0,0,0,0,0,0,0,0,0,0,0,0,0,0,0,0,0
111,JEY,Jersey,97826,5,NA,10.8,9.58,8.44,8.61,8.28,9.32,8.06,7.87,8.4,8.63,9.52,9.77,10.31,10.58,9.45,9.95,8.34,7.52,7.93,7.27,8.21,7.36,6.31,8.44,0.57,0.45,0.34,0.35,0.32,0.42,0.3,0.28,0.33,0.36,0.44,0.47,0.52,0.55,0.44,0.49,0.33,0.25,0.29,0.22,0.31,0.23,0.13,0.34,NA,NA,NA,NA,NA,NA,NA,NA,NA,NA,NA,NA,NA,NA,NA,NA,NA,NA,NA,NA,NA,NA,NA,NA
112,JOR,Jordan,10912210,5,NA,13.53,14.01,17.13,16.46,15.07,14.95,14.02,14.58,15.09,15.53,15.47,16.23,15.03,16.92,19.63,16.05,14.56,17.85,15.39,17.3,17.39,16.57,18.36,18.6,0.84,0.88,1.19,1.12,0.99,0.98,0.88,0.94,0.99,1.03,1.03,1.1,0.98,1.17,1.43,1.08,0.94,1.26,1.02,1.21,1.21,1.13,1.31,1.33,NA,NA,NA,NA,NA,NA,NA,NA,NA,NA,NA,NA,NA,NA,NA,NA,NA,NA,NA,NA,NA,NA,NA,NA
113,KAZ,Kazakhstan,19244616,5,NA,12.67,11.86,11.77,11.53,12.62,12.57,12.47,13.43,12.43,13.87,15.52,15.11,14.3,15.1,16.96,13.72,14.12,13.69,14.11,14.96,13.87,14.83,14.46,13.28,0.75,0.67,0.66,0.64,0.75,0.74,0.73,0.83,0.73,0.87,1.03,0.99,0.91,0.99,1.17,0.85,0.89,0.85,0.89,0.98,0.87,0.96,0.93,0.81,NA,NA,NA,NA,NA,NA,NA,NA,NA,NA,NA,NA,NA,NA,NA,NA,NA,NA,NA,NA,NA,NA,NA,NA
114,KEN,Kenya,54600463,5,35,11.24,9.71,13.45,19.07,15.66,16.17,16.27,15.91,16.86,19.54,16.72,16.72,18.5,18.56,18.55,18.79,16.76,17.18,17.16,15.18,17.05,17.42,18.87,17.44,0.61,0.46,0.83,1.38,1.04,1.09,1.1,1.07,1.16,1.42,1.15,1.15,1.32,1.33,1.33,1.35,1.15,1.19,1.19,1,1.18,1.22,1.36,1.22,0,0,0,0,0,0,0,0,0,0,0,0,0,0,0,0,0,0,0,0,0,0,0,0
115,KIR,Kiribati,67991,5,NA,1.07,1.01,1.16,1.2,1.68,1.41,1.46,1.71,1.63,1.26,1.15,1.64,1.2,1.06,1.3,1.4,1.7,2.34,1.31,1.21,1.42,1.82,1.3,1.04,0,0,0,0,0,0,0,0,0,0,0,0,0,0,0,0,0,0,0,0,0,0,0,0,NA,NA,NA,NA,NA,NA,NA,NA,NA,NA,NA,NA,NA,NA,NA,NA,NA,NA,NA,NA,NA,NA,NA,NA
116,XKO,Kosovo,1930871,5,NA,25.86,25,24.45,24.48,26.77,28.14,25.55,26.63,29.45,27.42,26.06,24.83,21.84,34.43,31.13,27.83,24.74,27.33,25.02,25.23,25.45,20.96,21.76,20.79,2.04,1.96,1.91,1.91,2.13,2.27,2.01,2.12,2.4,2.2,2.06,1.94,1.65,2.88,2.56,2.24,1.93,2.19,1.96,1.98,2,1.56,1.64,1.55,NA,NA,NA,NA,NA,NA,NA,NA,NA,NA,NA,NA,NA,NA,NA,NA,NA,NA,NA,NA,NA,NA,NA,NA
117,KWT,Kuwait,3010781,5,NA,13.83,14.55,17.68,12.96,14.64,12.04,11.91,12.44,14.77,14.6,17.02,17.91,18.17,16.59,19.13,15.36,18.36,18.54,12.8,17.48,18.61,17.72,16.91,17.16,0.87,0.94,1.24,0.78,0.94,0.69,0.68,0.73,0.96,0.94,1.18,1.27,1.29,1.14,1.38,1.02,1.31,1.33,0.76,1.22,1.33,1.25,1.17,1.19,NA,NA,NA,NA,NA,NA,NA,NA,NA,NA,NA,NA,NA,NA,NA,NA,NA,NA,NA,NA,NA,NA,NA,NA
118,KGZ,Kyrgyzstan,5890078,5,5,13.49,11.37,14.32,13.72,14.98,13.54,14.08,15.29,15.05,16.05,15.09,17.06,14.01,17.11,18.71,15.79,14.47,15.05,15.6,16.07,14.9,16.18,15.21,14.73,0.83,0.62,0.91,0.85,0.98,0.84,0.89,1.01,0.98,1.08,0.99,1.18,0.88,1.19,1.34,1.06,0.93,0.98,1.04,1.08,0.97,1.1,1,0.95,0.83,0.62,0.91,0.85,0.98,0.84,0.89,1.01,0.98,1.08,0.99,1.18,0.88,1.19,1.34,1.06,0.93,0.98,1.04,1.08,0.97,1.1,1,0.95
119,LAO,Laos,7594304,5,NA,25.1,21.29,22.06,23.92,23.61,23.55,29.87,29.41,27.77,31.41,28.01,26.78,30.71,28,26.36,28.65,29.24,26.06,29.03,26.22,24.36,27.02,28.16,27.16,1.97,1.6,1.67,1.85,1.82,1.82,2.44,2.39,2.23,2.59,2.25,2.13,2.52,2.25,2.09,2.32,2.38,2.06,2.35,2.08,1.9,2.16,2.27,2.17,NA,NA,NA,NA,NA,NA,NA,NA,NA,NA,NA,NA,NA,NA,NA,NA,NA,NA,NA,NA,NA,NA,NA,NA
120,LVA,Latvia,1858752,5,25,18.68,18.93,16.46,16.67,18.61,17.89,15.97,16.6,17.97,18.74,18.25,17.72,18.84,15.37,16.39,15.86,16.61,14.38,13.13,12.81,15.6,12.76,12.22,14.06,1.34,1.37,1.12,1.14,1.33,1.26,1.08,1.14,1.27,1.35,1.3,1.25,1.36,1.02,1.12,1.06,1.14,0.92,0.8,0.77,1.04,0.76,0.71,0.89,0,0,0,0,0,0,0,0,0,0,0,0,0,0,0,0,0,0,0,0,0,0,0,0
121,LBN,Lebanon,6052932,5,NA,14.4,15.12,18.61,16.99,15.78,15.57,14.31,15.19,15.4,15.72,14.68,15.75,14.03,17.45,18.62,16.81,15.55,16.85,15.46,16.48,16.09,16.59,17.17,16.81,0.92,0.99,1.33,1.18,1.06,1.04,0.91,1,1.02,1.05,0.95,1.05,0.88,1.22,1.33,1.16,1.03,1.16,1.03,1.13,1.09,1.14,1.19,1.16,NA,NA,NA,NA,NA,NA,NA,NA,NA,NA,NA,NA,NA,NA,NA,NA,NA,NA,NA,NA,NA,NA,NA,NA
122,LSO,Lesotho,2176476,5,NA,20.67,21.56,21.69,24.05,24.36,26.14,24.67,26.91,27.53,24.59,25.52,25.71,28.21,25.7,24.05,23.41,23,22.96,22.77,25.41,24.04,22.28,23.74,23.11,1.54,1.62,1.64,1.87,1.9,2.07,1.93,2.15,2.21,1.92,2.01,2.03,2.27,2.03,1.87,1.8,1.76,1.76,1.74,2,1.87,1.69,1.84,1.77,NA,NA,NA,NA,NA,NA,NA,NA,NA,NA,NA,NA,NA,NA,NA,NA,NA,NA,NA,NA,NA,NA,NA,NA
123,LBR,Liberia,5105621,5,NA,14.07,12.4,11.64,12.03,11.43,12.55,12.13,12.81,11.96,11.52,12.52,14.79,13.02,12.62,10.9,12.09,11.68,12.07,11.65,11.22,10.96,11.97,10.93,10.48,0.89,0.73,0.65,0.69,0.63,0.74,0.7,0.77,0.68,0.64,0.74,0.96,0.79,0.75,0.58,0.69,0.65,0.69,0.65,0.61,0.58,0.68,0.58,0.54,NA,NA,NA,NA,NA,NA,NA,NA,NA,NA,NA,NA,NA,NA,NA,NA,NA,NA,NA,NA,NA,NA,NA,NA
124,LBY,Libya,7001233,5,NA,8.58,7.85,9.06,7.35,7.12,9.01,6.66,7.64,8,7.43,7.04,7.28,6.08,8.02,7.71,7.8,5.81,8.14,6.34,7.39,6.4,6.35,6.83,6.78,0.35,0.28,0.4,0.23,0.21,0.39,0.16,0.26,0.29,0.24,0.2,0.22,0.11,0.3,0.27,0.27,0.08,0.31,0.13,0.23,0.14,0.13,0.18,0.17,NA,NA,NA,NA,NA,NA,NA,NA,NA,NA,NA,NA,NA,NA,NA,NA,NA,NA,NA,NA,NA,NA,NA,NA
125,LIE,Liechtenstein,38969,5,NA,14.74,15,14.16,15.07,16.25,16.78,14.16,16.04,15.96,13.62,12.66,14.27,14.98,14.24,12.28,13.39,9.93,11.78,10.65,10.74,10.66,9.14,9.6,11.08,0.95,0.98,0.9,0.99,1.1,1.15,0.9,1.08,1.07,0.84,0.75,0.91,0.98,0.91,0.71,0.82,0.48,0.66,0.55,0.56,0.55,0.41,0.45,0.6,NA,NA,NA,NA,NA,NA,NA,NA,NA,NA,NA,NA,NA,NA,NA,NA,NA,NA,NA,NA,NA,NA,NA,NA
126,LTU,Lithuania,2710633,5,25,16.94,16.16,14.38,14.19,16,14.95,13.9,13.63,14.99,14.3,16.52,15.79,17.64,14.89,14.78,14.53,14.8,13.06,11.42,11.62,13.14,10.97,10.27,12.23,1.17,1.09,0.92,0.9,1.08,0.98,0.87,0.85,0.98,0.91,1.13,1.06,1.24,0.97,0.96,0.93,0.96,0.79,0.63,0.65,0.8,0.59,0.52,0.71,0,0,0,0,0,0,0,0,0,0,0,0,0,0,0,0,0,0,0,0,0,0,0,0
127,LUX,Luxembourg,637013,5,25,15.35,14.25,12.24,12.21,12.35,14.11,13.21,12.81,12.93,12.64,13.46,14.56,14.61,13.89,12.28,13.89,10.95,11.12,10.51,10.06,10.03,8.14,7.49,8.61,1.01,0.91,0.71,0.71,0.72,0.89,0.8,0.77,0.78,0.75,0.83,0.94,0.94,0.87,0.71,0.87,0.58,0.6,0.54,0.5,0.49,0.31,0.24,0.35,0,0,0,0,0,0,0,0,0,0,0,0,0,0,0,0,0,0,0,0,0,0,0,0
128,MKD,Macedonia,2120037,5,NA,27.93,26.4,28.97,28.31,31.39,33.22,27.85,30.07,31.98,30.39,27.51,26.23,22.08,34.28,31.17,27.65,26.16,28.42,26.02,25.95,26.52,23.08,21.31,22.89,2.25,2.1,2.35,2.28,2.59,2.77,2.24,2.46,2.64,2.49,2.21,2.08,1.67,2.87,2.56,2.22,2.07,2.3,2.06,2.05,2.11,1.77,1.6,1.75,NA,NA,NA,NA,NA,NA,NA,NA,NA,NA,NA,NA,NA,NA,NA,NA,NA,NA,NA,NA,NA,NA,NA,NA
129,MDG,Madagascar,27430097,5,NA,6.34,5.68,7.43,12.62,9.35,9.98,9.41,11.08,10.19,11.86,10.3,10.98,12.21,11.42,10.67,11.36,10.41,11.38,11.13,10.41,10.31,10.48,8.61,9.93,0.13,0.07,0.24,0.75,0.43,0.49,0.43,0.6,0.51,0.67,0.52,0.59,0.71,0.63,0.56,0.62,0.53,0.63,0.6,0.53,0.52,0.54,0.35,0.48,NA,NA,NA,NA,NA,NA,NA,NA,NA,NA,NA,NA,NA,NA,NA,NA,NA,NA,NA,NA,NA,NA,NA,NA
130,MWI,Malawi,19970408,5,NA,15.72,13.37,14.37,22.41,20.36,20.49,19.14,20.32,19.15,23.64,21.66,19.79,21.12,19.74,19.84,20.11,18.77,19.53,17.29,16.88,18.63,20.11,15.69,16.16,1.05,0.82,0.92,1.71,1.51,1.52,1.39,1.5,1.39,1.83,1.63,1.45,1.58,1.44,1.45,1.48,1.35,1.42,1.2,1.16,1.34,1.48,1.05,1.09,NA,NA,NA,NA,NA,NA,NA,NA,NA,NA,NA,NA,NA,NA,NA,NA,NA,NA,NA,NA,NA,NA,NA,NA
131,MYS,Malaysia,33265680,5,NA,12.7,11.48,14.64,13.59,16.99,14.84,17.55,17.02,21.68,15.3,14.64,18.94,14.04,17.27,17.49,18.52,19.64,23.81,15.16,13.88,14.89,20.02,13.28,13.74,0.75,0.64,0.94,0.84,1.18,0.96,1.23,1.18,1.63,1.01,0.94,1.37,0.89,1.2,1.22,1.32,1.43,1.84,1,0.87,0.97,1.47,0.81,0.86,NA,NA,NA,NA,NA,NA,NA,NA,NA,NA,NA,NA,NA,NA,NA,NA,NA,NA,NA,NA,NA,NA,NA,NA
132,MDV,Maldives,253010,5,NA,6.71,8.41,9.37,8.97,8.39,10.12,9.42,9.01,10.05,11.81,11.12,11.13,9.97,12.81,11.32,10,11.31,9.22,12.1,11.11,11.16,10.27,10.21,8.75,0.17,0.33,0.43,0.39,0.33,0.5,0.43,0.39,0.49,0.67,0.6,0.6,0.49,0.77,0.62,0.49,0.62,0.41,0.7,0.6,0.6,0.52,0.51,0.37,NA,NA,NA,NA,NA,NA,NA,NA,NA,NA,NA,NA,NA,NA,NA,NA,NA,NA,NA,NA,NA,NA,NA,NA
133,MLI,Mali,20119024,5,NA,6.27,6.49,6.16,5.25,5.13,6.25,6.1,6.38,6.06,5.65,5.88,6.59,6.91,6.55,6.38,5.56,6.38,5.83,5.51,6.13,5.77,5.89,5.61,6.79,0.12,0.15,0.11,0.02,0.01,0.12,0.11,0.14,0.1,0.06,0.09,0.16,0.19,0.15,0.14,0.05,0.14,0.08,0.05,0.11,0.08,0.09,0.06,0.18,NA,NA,NA,NA,NA,NA,NA,NA,NA,NA,NA,NA,NA,NA,NA,NA,NA,NA,NA,NA,NA,NA,NA,NA
134,MLT,Malta,451380,5,25,8.47,8.37,8.33,7.67,7.95,10.27,7.33,8.33,9.06,8.36,8.01,7.73,6.04,9.18,7.96,8.14,6.29,9.1,6.06,7.27,6.49,6.43,6.66,6.33,0.34,0.33,0.33,0.26,0.29,0.52,0.23,0.33,0.4,0.33,0.29,0.27,0.1,0.41,0.29,0.31,0.13,0.4,0.1,0.22,0.15,0.14,0.16,0.13,0,0,0,0,0,0,0,0,0,0,0,0,0,0,0,0,0,0,0,0,0,0,0,0
135,MHL,Marshall Islands,33951,5,NA,0.8,0.67,0.8,0.74,0.93,0.9,0.92,0.96,1.01,0.93,0.92,0.98,1.16,1.01,0.9,1.04,1.19,1.14,0.97,0.91,1.23,1.04,0.95,0.98,0,0,0,0,0,0,0,0,0,0,0,0,0,0,0,0,0,0,0,0,0,0,0,0,NA,NA,NA,NA,NA,NA,NA,NA,NA,NA,NA,NA,NA,NA,NA,NA,NA,NA,NA,NA,NA,NA,NA,NA
136,MTQ,Martinique,344527,5,NA,3.15,3.95,3.33,4.05,3.03,3.72,3.68,4.42,3.91,3.38,3.72,4.07,5.01,3.7,3.73,2.92,2.85,3.09,3.69,3.48,3.03,3.16,3.09,3.24,0,0,0,0,0,0,0,0,0,0,0,0,0,0,0,0,0,0,0,0,0,0,0,0,NA,NA,NA,NA,NA,NA,NA,NA,NA,NA,NA,NA,NA,NA,NA,NA,NA,NA,NA,NA,NA,NA,NA,NA
137,MRT,Mauritania,4114938,5,NA,3.35,3.59,3.27,2.88,2.82,3.57,3.14,3.17,3.29,3.04,3.1,3.32,3.57,3.31,3.55,3.04,3.23,3.13,3.12,3.32,2.98,3.27,3.19,3.8,0,0,0,0,0,0,0,0,0,0,0,0,0,0,0,0,0,0,0,0,0,0,0,0,NA,NA,NA,NA,NA,NA,NA,NA,NA,NA,NA,NA,NA,NA,NA,NA,NA,NA,NA,NA,NA,NA,NA,NA
138,MUS,Mauritius,1339718,5,NA,5.35,5.39,4.92,5.33,5.22,5.26,5.73,7.17,5.64,5.97,5.73,5.82,6.41,6.62,5.95,6.21,5.82,5.81,6.29,6.27,6.91,6.58,5.5,6.07,0.03,0.04,0,0.03,0.02,0.03,0.07,0.21,0.06,0.1,0.07,0.08,0.14,0.16,0.09,0.12,0.08,0.08,0.13,0.12,0.19,0.15,0.05,0.1,NA,NA,NA,NA,NA,NA,NA,NA,NA,NA,NA,NA,NA,NA,NA,NA,NA,NA,NA,NA,NA,NA,NA,NA
139,MYT,Mayotte,262675,5,NA,8.16,8.14,7.94,8.37,7.05,7.93,6.7,7.94,9.08,9.29,8.08,9.8,9.16,9.68,8.47,9.9,7.15,8.04,8.56,8.78,8.43,8.88,8.43,8.01,0.31,0.31,0.29,0.33,0.2,0.29,0.17,0.29,0.4,0.42,0.3,0.47,0.41,0.46,0.34,0.48,0.21,0.3,0.35,0.37,0.34,0.38,0.34,0.29,NA,NA,NA,NA,NA,NA,NA,NA,NA,NA,NA,NA,NA,NA,NA,NA,NA,NA,NA,NA,NA,NA,NA,NA
140,FSM,Micronesia,78383,5,NA,0.85,0.99,1.01,1.11,1.43,1.33,1.42,1.29,1.42,1.18,1.01,1.54,1.05,1.42,1.32,1.34,1.81,2.04,1.19,1.06,1.32,1.35,0.93,1.04,0,0,0,0,0,0,0,0,0,0,0,0,0,0,0,0,0,0,0,0,0,0,0,0,NA,NA,NA,NA,NA,NA,NA,NA,NA,NA,NA,NA,NA,NA,NA,NA,NA,NA,NA,NA,NA,NA,NA,NA
141,MDA,Moldova,3329201,5,25,18.97,18.15,16,18.06,19.95,17.4,17.34,17.84,19.03,15.66,14.99,15.84,14.74,17.15,17.95,16.06,16.1,15.22,15.04,17.37,14.55,12.58,13.05,14.69,1.37,1.29,1.08,1.28,1.47,1.22,1.21,1.26,1.37,1.04,0.98,1.06,0.95,1.19,1.27,1.08,1.09,1,0.98,1.21,0.94,0.74,0.79,0.95,0,0,0,0,0,0,0,0,0,0,0,0,0,0,0,0,0,0,0,0,0,0,0,0
142,MCO,Monaco,15795,5,NA,14.1,12.49,13.87,14.23,14.43,15.91,13.35,14.41,14.18,13.81,12.27,13.23,14.63,15.02,14.39,12.29,9.86,12.38,11.05,12.1,10.39,9.38,9.58,10.12,0.89,0.73,0.87,0.9,0.92,1.07,0.82,0.92,0.9,0.86,0.71,0.81,0.94,0.98,0.92,0.71,0.48,0.72,0.59,0.7,0.53,0.43,0.45,0.5,NA,NA,NA,NA,NA,NA,NA,NA,NA,NA,NA,NA,NA,NA,NA,NA,NA,NA,NA,NA,NA,NA,NA,NA
143,MNG,Mongolia,3196294,5,25,31.38,27.48,26.04,28.36,32.03,35.37,27.99,32.63,35.88,38.16,37.66,35.65,32.62,37.25,37.1,37.35,35.78,32.84,38.41,34.64,30.71,35.33,32.77,36.04,2.59,2.2,2.06,2.29,2.65,2.98,2.25,2.71,3.03,3.25,3.2,3,2.71,3.16,3.15,3.17,3.02,2.73,3.27,2.9,2.52,2.97,2.72,3.04,0.63,0.24,0.1,0.33,0.69,1.02,0.29,0.75,1.07,1.29,1.24,1.04,0.75,1.2,1.19,1.21,1.06,0.77,1.31,0.94,0.56,1.01,0.76,1.08
144,MNE,Montenegro,583035,5,25,18.4,17.02,17.77,18.05,19.33,21.54,17.53,19.12,20.9,20.45,16.91,16.94,15.11,22.78,21.17,18.39,15.77,19.85,17.01,17.98,17.63,16.32,16.75,16.97,1.31,1.18,1.25,1.28,1.4,1.62,1.23,1.38,1.56,1.51,1.17,1.17,0.99,1.74,1.58,1.31,1.06,1.46,1.18,1.27,1.24,1.11,1.15,1.17,0,0,0,0,0,0,0,0,0,0,0,0,0,0,0,0,0,0,0,0,0,0,0,0
145,MSR,Montserrat,5268,5,NA,2.63,3.38,2.83,2.96,2.41,2.88,2.87,3.57,3.47,2.89,2.84,3.26,4.45,3.12,3.12,2.38,2.55,2.59,2.88,2.82,2.71,2.75,2.59,2.88,0,0,0,0,0,0,0,0,0,0,0,0,0,0,0,0,0,0,0,0,0,0,0,0,NA,NA,NA,NA,NA,NA,NA,NA,NA,NA,NA,NA,NA,NA,NA,NA,NA,NA,NA,NA,NA,NA,NA,NA
146,MAR,Morocco,35800311,5,NA,8.65,9.45,7.64,8.06,8.51,8.23,7.77,9.18,9.14,9.39,8.03,7.78,7.61,8,7.91,8.83,7.35,9.28,7.95,7.28,8.52,8.44,8.01,8.83,0.36,0.44,0.26,0.3,0.34,0.32,0.27,0.41,0.41,0.43,0.3,0.27,0.26,0.29,0.29,0.38,0.23,0.42,0.29,0.22,0.34,0.34,0.29,0.38,NA,NA,NA,NA,NA,NA,NA,NA,NA,NA,NA,NA,NA,NA,NA,NA,NA,NA,NA,NA,NA,NA,NA,NA
147,MOZ,Mozambique,30804884,5,NA,15.83,13.09,12.96,18.03,15.1,15.98,14.91,16.79,15.61,18.25,16.72,15.23,16.97,14.56,15.8,15.5,13.95,15.28,13.51,12.96,15.28,15.57,11.45,12.41,1.06,0.79,0.78,1.28,0.99,1.08,0.97,1.16,1.04,1.3,1.15,1,1.17,0.94,1.06,1.03,0.88,1.01,0.83,0.78,1.01,1.04,0.63,0.73,NA,NA,NA,NA,NA,NA,NA,NA,NA,NA,NA,NA,NA,NA,NA,NA,NA,NA,NA,NA,NA,NA,NA,NA
148,MMR,Myanmar,55897221,5,NA,27.03,27.41,24.71,26.75,27.74,28.18,31.8,30.77,31.1,33.95,31.27,35.13,33.6,31.07,31.37,33.44,33.97,31.31,32.52,30.13,31.66,32.96,34.14,34.98,2.16,2.2,1.93,2.13,2.23,2.27,2.63,2.53,2.56,2.84,2.57,2.95,2.8,2.55,2.58,2.79,2.84,2.58,2.7,2.46,2.61,2.74,2.86,2.94,NA,NA,NA,NA,NA,NA,NA,NA,NA,NA,NA,NA,NA,NA,NA,NA,NA,NA,NA,NA,NA,NA,NA,NA
149,MEX,México,130067436,5,12,19.37,15.38,18.62,18.46,18.55,19.49,17.79,19.22,18.17,17.88,17.38,17.26,16.31,18.18,17.37,18.26,16.59,17.4,17.04,17.45,16.35,17.26,17.08,17.29,1.41,1.02,1.33,1.32,1.33,1.42,1.25,1.39,1.29,1.26,1.21,1.2,1.11,1.29,1.21,1.3,1.14,1.22,1.18,1.22,1.11,1.2,1.18,1.2,0.72,0.33,0.65,0.63,0.64,0.73,0.57,0.71,0.6,0.58,0.53,0.52,0.42,0.61,0.53,0.61,0.45,0.53,0.49,0.53,0.43,0.52,0.5,0.52
150,"NAM",Namibia,2674922,5,NA,14.73,14.06,12.66,14.84,14.37,14.8,13.13,15.6,14.79,16.08,18.7,16.5,18.69,17.53,15.7,15.18,13.49,14.9,14.26,14.77,14.67,13.88,11.04,11.97,0.95,0.89,0.75,0.96,0.92,0.96,0.8,1.04,0.96,1.09,1.34,1.13,1.34,1.23,1.05,1,0.83,0.97,0.91,0.96,0.95,0.87,0.59,0.68,NA,NA,NA,NA,NA,NA,NA,NA,NA,NA,NA,NA,NA,NA,NA,NA,NA,NA,NA,NA,NA,NA,NA,NA
151,NRU,Nauru,6181,5,NA,1.33,1.18,1.36,1.5,2.47,1.72,1.97,1.68,2.11,1.57,1.21,1.99,1.48,1.29,1.82,1.86,2.56,3.61,1.8,1.58,1.82,2.52,1.57,1.32,0,0,0,0,0,0,0,0,0,0,0,0,0,0,0,0,0,0,0,0,0,0,0,0,NA,NA,NA,NA,NA,NA,NA,NA,NA,NA,NA,NA,NA,NA,NA,NA,NA,NA,NA,NA,NA,NA,NA,NA
152,NPL,Nepal,30457421,5,NA,29.52,29.48,37.24,42.45,38.15,39.74,41.14,40.51,46.95,47.54,48.09,52.16,43.93,48.6,46.58,45.18,45.09,47.56,49.01,45.26,49.24,47.14,47.62,51.71,2.4,2.4,3.16,3.67,3.25,3.4,3.54,3.48,4.11,4.17,4.22,4.62,3.82,4.27,4.07,3.94,3.93,4.17,4.31,3.95,4.34,4.13,4.18,4.58,NA,NA,NA,NA,NA,NA,NA,NA,NA,NA,NA,NA,NA,NA,NA,NA,NA,NA,NA,NA,NA,NA,NA,NA
153,NLD,Netherlands,17290824,5,25,14.88,13.18,13.63,12.88,13.72,14.85,13.18,12.86,12.99,13.45,14.41,14.82,15.05,14.74,11.85,12.6,11.98,10.93,10.63,10.39,11.13,9.53,8.08,9.68,0.97,0.8,0.85,0.77,0.85,0.97,0.8,0.77,0.78,0.83,0.92,0.96,0.98,0.95,0.67,0.74,0.68,0.58,0.55,0.53,0.6,0.44,0.3,0.46,0,0,0,0,0,0,0,0,0,0,0,0,0,0,0,0,0,0,0,0,0,0,0,0
154,NCL,New Caledonia,272794,5,NA,2.58,2.49,3.01,3.38,2.97,2.71,2.76,2.81,2.53,3.04,3.36,3.11,3.34,3.54,3.32,3.37,3.12,3.17,3.49,3.22,3.51,4.02,3.06,3.37,0,0,0,0,0,0,0,0,0,0,0,0,0,0,0,0,0,0,0,0,0,0,0,0,NA,NA,NA,NA,NA,NA,NA,NA,NA,NA,NA,NA,NA,NA,NA,NA,NA,NA,NA,NA,NA,NA,NA,NA
155,NZL,New Zealand,4850453,5,NA,2.73,2.88,2.96,3.31,3.03,3.43,3.05,3.44,3.28,3.55,3.39,3.3,3.53,3.53,3.42,3.72,3.31,3.23,3.2,3.73,3.32,4.61,3.62,3.45,0,0,0,0,0,0,0,0,0,0,0,0,0,0,0,0,0,0,0,0,0,0,0,0,NA,NA,NA,NA,NA,NA,NA,NA,NA,NA,NA,NA,NA,NA,NA,NA,NA,NA,NA,NA,NA,NA,NA,NA
156,NIC,Nicaragua,6218420,5,NA,15.26,12.51,12.04,13.77,13.5,15.31,13.5,16.91,14.02,15.15,14.57,12.46,16.18,15.22,13.29,14.71,12.24,12.07,13.84,14.51,12.46,13.06,14.88,13.56,1.01,0.74,0.69,0.86,0.83,1.01,0.83,1.17,0.88,0.99,0.94,0.73,1.1,1,0.81,0.95,0.71,0.69,0.87,0.93,0.73,0.79,0.97,0.84,NA,NA,NA,NA,NA,NA,NA,NA,NA,NA,NA,NA,NA,NA,NA,NA,NA,NA,NA,NA,NA,NA,NA,NA
157,NER,Niger,23602767,5,NA,8.65,8.08,7.69,7.51,7.98,9.13,9.16,9.08,9.65,9.73,10.09,10.57,11.38,10.14,11.21,8.92,9.83,10.22,10.01,10.79,11.02,11.02,10.2,8.87,0.36,0.3,0.26,0.25,0.29,0.4,0.41,0.4,0.46,0.46,0.5,0.55,0.63,0.5,0.61,0.38,0.47,0.51,0.49,0.57,0.59,0.59,0.51,0.38,NA,NA,NA,NA,NA,NA,NA,NA,NA,NA,NA,NA,NA,NA,NA,NA,NA,NA,NA,NA,NA,NA,NA,NA
158,NGA,Nigeria,218604443,5,NA,21.14,18.5,20.82,21.69,21.46,21.41,22.6,22.55,21.37,22.17,24.01,22.57,23.79,22.28,22.26,20.77,20.62,20.63,23.34,23.08,23.63,22.85,23.56,23,1.58,1.32,1.55,1.64,1.61,1.61,1.72,1.72,1.6,1.68,1.86,1.72,1.84,1.69,1.69,1.55,1.53,1.53,1.8,1.77,1.83,1.75,1.82,1.76,NA,NA,NA,NA,NA,NA,NA,NA,NA,NA,NA,NA,NA,NA,NA,NA,NA,NA,NA,NA,NA,NA,NA,NA
159,NIU,Niue,1864,5,NA,0.7,0.75,1.02,0.83,1.04,0.94,0.96,1.1,1.11,0.92,1.06,1.09,0.94,0.93,1.02,1,0.95,1.04,0.91,1.07,1.05,1.07,1,0.94,0,0,0,0,0,0,0,0,0,0,0,0,0,0,0,0,0,0,0,0,0,0,0,0,NA,NA,NA,NA,NA,NA,NA,NA,NA,NA,NA,NA,NA,NA,NA,NA,NA,NA,NA,NA,NA,NA,NA,NA
160,NFK,Norfolk Island,1713,5,NA,1.51,1.4,1.6,1.52,1.85,1.72,1.63,1.69,1.74,1.7,1.42,1.8,1.6,1.7,1.61,1.64,1.77,1.73,1.69,1.74,1.71,2.96,1.9,1.8,0,0,0,0,0,0,0,0,0,0,0,0,0,0,0,0,0,0,0,0,0,0,0,0,NA,NA,NA,NA,NA,NA,NA,NA,NA,NA,NA,NA,NA,NA,NA,NA,NA,NA,NA,NA,NA,NA,NA,NA
161,PRK,North Korea,25666964,5,NA,20.71,19.76,21.83,23.34,20.71,31.54,23.98,25.49,30.36,26.93,27.79,27.14,21.55,25.66,25.64,24.55,29.62,28.28,25.36,23,20.33,20.42,20.87,20,1.54,1.45,1.65,1.8,1.54,2.6,1.86,2.01,2.49,2.15,2.23,2.17,1.62,2.02,2.02,1.92,2.41,2.28,2,1.76,1.5,1.51,1.56,1.47,NA,NA,NA,NA,NA,NA,NA,NA,NA,NA,NA,NA,NA,NA,NA,NA,NA,NA,NA,NA,NA,NA,NA,NA
162,ZNC,Northern Cyprus,427552,5,NA,12.21,12.12,13.95,13.15,11.49,11.83,10.98,11.95,12.2,12.96,12.52,12.97,10.94,16.28,17.89,12.38,11.72,12.19,11.34,11.77,10.5,10.23,11.54,12.25,0.71,0.7,0.88,0.8,0.64,0.67,0.59,0.68,0.71,0.78,0.74,0.78,0.58,1.11,1.26,0.72,0.66,0.7,0.62,0.66,0.54,0.51,0.64,0.71,NA,NA,NA,NA,NA,NA,NA,NA,NA,NA,NA,NA,NA,NA,NA,NA,NA,NA,NA,NA,NA,NA,NA,NA
163,MNP,Northern Mariana Islands,48593,5,NA,0.84,0.81,0.99,1.04,1.17,1.37,1.41,1.47,1.41,1.35,1.51,1.28,1.11,1.3,1.72,1.47,1.45,1.75,0.96,1.21,0.9,1.12,0.91,1,0,0,0,0,0,0,0,0,0,0,0,0,0,0,0,0,0,0,0,0,0,0,0,0,NA,NA,NA,NA,NA,NA,NA,NA,NA,NA,NA,NA,NA,NA,NA,NA,NA,NA,NA,NA,NA,NA,NA,NA
164,NOR,Norway,4957068,5,12,7.51,7.48,7.2,6.83,7.1,7.82,6.32,6.23,7.14,5.95,6.08,6.51,7.07,6.86,5.88,5.86,5.96,5.01,5.33,4.86,5.8,4.99,4.37,5.64,0.25,0.24,0.22,0.18,0.21,0.28,0.13,0.12,0.21,0.09,0.11,0.15,0.2,0.18,0.09,0.08,0.09,0,0.03,0,0.08,0,0,0.06,0,0,0,0,0,0,0,0,0,0,0,0,0,0,0,0,0,0,0,0,0,0,0,0
165,OMN,Oman,3604932,5,NA,10.02,10.48,11.52,10.22,11.24,9.43,9.55,9.77,12.73,11.1,12.72,14,13.04,12.68,13.71,13.22,13.69,12.91,13.31,12.16,13.42,13.47,11.35,12.12,0.49,0.54,0.64,0.51,0.61,0.43,0.45,0.47,0.76,0.6,0.76,0.88,0.79,0.75,0.85,0.81,0.85,0.78,0.81,0.7,0.83,0.83,0.62,0.7,NA,NA,NA,NA,NA,NA,NA,NA,NA,NA,NA,NA,NA,NA,NA,NA,NA,NA,NA,NA,NA,NA,NA,NA
166,PAK,Pakistan,238039784,5,15,29.85,28.8,31.98,33.12,33.09,34.44,34.84,37.09,40.81,40.69,39.16,38.21,43.47,42.51,40.53,41.14,40.59,45.06,44.25,41.85,39.61,42.96,44.81,44.73,2.44,2.33,2.64,2.76,2.75,2.89,2.92,3.14,3.51,3.5,3.35,3.25,3.77,3.68,3.48,3.54,3.49,3.93,3.85,3.61,3.39,3.72,3.9,3.89,1.46,1.35,1.66,1.78,1.77,1.91,1.94,2.16,2.53,2.52,2.37,2.27,2.79,2.7,2.5,2.56,2.51,2.95,2.87,2.63,2.41,2.74,2.92,2.91
167,PLW,Palau,19097,5,12,1.6,2.49,2.65,2.92,3.61,3.82,4.18,3.45,3.86,3.18,2.88,4.98,1.77,3.67,4.03,3.32,4.7,5.95,3.06,2.79,3.25,3.64,2.42,2.89,0,0,0,0,0,0,0,0,0,0,0,0,0,0,0,0,0,0.09,0,0,0,0,0,0,0,0,0,0,0,0,0,0,0,0,0,0,0,0,0,0,0,0,0,0,0,0,0,0
168,PSE,Palestine,4919477,5,NA,9.9,10.46,13.26,12.27,10.82,10.59,10.17,10.53,11.32,10.92,10.77,11.32,10.94,11.96,13.44,11.34,10.51,12.73,10.41,11.76,11.76,11.24,12.36,12.61,0.48,0.54,0.81,0.71,0.57,0.55,0.51,0.54,0.62,0.58,0.57,0.62,0.58,0.68,0.83,0.62,0.54,0.76,0.53,0.66,0.66,0.61,0.72,0.75,NA,NA,NA,NA,NA,NA,NA,NA,NA,NA,NA,NA,NA,NA,NA,NA,NA,NA,NA,NA,NA,NA,NA,NA
169,PAN,Panama,3887799,5,20,8.66,6.88,7.16,8.85,7.79,9.33,8,9.47,9.12,8.99,8.66,8.93,10.94,10.35,10.01,9.62,9.55,9.33,10.14,10.12,9.15,9.23,9.27,9.07,0.36,0.18,0.21,0.38,0.27,0.42,0.29,0.44,0.4,0.39,0.36,0.39,0.58,0.52,0.49,0.45,0.45,0.42,0.5,0.5,0.41,0.41,0.42,0.4,0,0,0,0,0,0,0,0,0,0,0,0,0,0,0,0,0,0,0,0,0,0,0,0
170,PNG,Papua New Guinea,7193016,5,NA,3.85,4.26,8.26,10.51,10.18,10.17,12.04,10.85,11.98,12.55,13.99,12.84,13.72,12.6,13.07,14.37,14.28,12.92,12.05,13.09,11.15,11.08,11.15,12.86,0,0,0.32,0.54,0.51,0.51,0.69,0.57,0.68,0.74,0.88,0.77,0.85,0.74,0.79,0.92,0.91,0.78,0.69,0.79,0.6,0.6,0.6,0.77,NA,NA,NA,NA,NA,NA,NA,NA,NA,NA,NA,NA,NA,NA,NA,NA,NA,NA,NA,NA,NA,NA,NA,NA
171,XPI,Paracel Islands,209,5,NA,10.69,8.89,11.13,8.76,8.78,10.23,12.32,10.95,12.39,11.81,11.63,12.12,8.22,12.15,8.76,11.03,10.76,10.25,10.77,8.63,8.92,8.48,6.49,6.66,0.56,0.38,0.6,0.37,0.37,0.51,0.72,0.58,0.72,0.67,0.65,0.7,0.32,0.7,0.37,0.59,0.56,0.51,0.57,0.36,0.38,0.34,0.15,0.16,NA,NA,NA,NA,NA,NA,NA,NA,NA,NA,NA,NA,NA,NA,NA,NA,NA,NA,NA,NA,NA,NA,NA,NA
172,PRY,Paraguay,7260580,5,15,13.46,16.64,12.91,14.08,18.3,15.85,14.54,15.16,14.12,20.14,12.62,12.91,13.01,12.13,12.91,11.58,13.31,14.15,12.56,12.78,11.62,13.65,16.46,13.69,0.83,1.14,0.78,0.89,1.3,1.06,0.93,1,0.89,1.48,0.75,0.78,0.78,0.7,0.78,0.64,0.81,0.9,0.74,0.76,0.65,0.85,1.12,0.85,0,0.16,0,0,0.32,0.08,0,0.02,0,0.5,0,0,0,0,0,0,0,0,0,0,0,0,0.14,0
173,PER,Peru,32136270,5,25,20.18,18.95,22.52,26.31,26.24,27.51,27.82,27.85,26.07,26.81,25.11,25.09,26.75,25.31,25.43,24.86,23.95,24.32,25.67,25.86,24.99,25.14,24.89,24.25,1.49,1.37,1.72,2.09,2.08,2.21,2.24,2.24,2.06,2.14,1.97,1.97,2.13,1.99,2,1.95,1.86,1.89,2.03,2.04,1.96,1.97,1.95,1.89,0,0,0,0.13,0.12,0.25,0.28,0.28,0.1,0.18,0.01,0.01,0.17,0.03,0.04,0,0,0,0.07,0.08,0,0.01,0,0
174,PHL,Philippines,108032572,5,25,15.15,14.44,16.64,17.11,17.11,17.61,19.06,20.46,18.52,18.81,18.38,20.5,18.72,19.74,18.39,18.61,19.37,18.72,17.91,18.52,16.23,18.61,18.07,18.34,0.99,0.93,1.14,1.19,1.19,1.24,1.38,1.52,1.32,1.35,1.31,1.52,1.34,1.44,1.31,1.33,1.41,1.34,1.27,1.32,1.1,1.33,1.28,1.31,0,0,0,0,0,0,0,0,0,0,0,0,0,0,0,0,0,0,0,0,0,0,0,0
175,PCN,Pitcairn Islands,14,5,NA,0.9,1.11,1.11,1.06,1.37,1.11,1.27,1.5,1.56,1.51,1.6,1.75,1.56,1.63,2.08,1.84,1.58,1.6,1.4,1.64,1.71,1.86,2.02,1.96,0,0,0,0,0,0,0,0,0,0,0,0,0,0,0,0,0,0,0,0,0,0,0,0,NA,NA,NA,NA,NA,NA,NA,NA,NA,NA,NA,NA,NA,NA,NA,NA,NA,NA,NA,NA,NA,NA,NA,NA
176,POL,Poland,38156837,5,25,26.18,24.89,23.07,25.27,26.95,26.95,23.14,24.38,26.14,20.6,20.36,23.06,26.86,24.3,22.21,21.61,21.56,20.08,19.69,20.01,19.54,16.04,15.11,17.95,2.08,1.95,1.77,1.99,2.15,2.15,1.78,1.9,2.07,1.53,1.51,1.77,2.14,1.89,1.69,1.63,1.62,1.48,1.44,1.47,1.42,1.08,0.99,1.27,0.12,0,0,0.03,0.19,0.19,0,0,0.11,0,0,0,0.18,0,0,0,0,0,0,0,0,0,0,0
177,PRT,Portugal,10153019,5,25,9.48,9.07,8.64,9.03,8.82,8.96,8.64,11.14,9.14,9.01,5.91,6.88,6.68,6.97,6.1,6.93,5.91,7.03,6.87,6.82,5.94,5.43,5.63,6.35,0.44,0.4,0.36,0.39,0.37,0.39,0.36,0.6,0.41,0.39,0.09,0.18,0.16,0.19,0.11,0.19,0.09,0.2,0.18,0.18,0.09,0.04,0.06,0.13,0,0,0,0,0,0,0,0,0,0,0,0,0,0,0,0,0,0,0,0,0,0,0,0
178,PRI,Puerto Rico,3220326,5,NA,2.78,3.6,2.86,3.14,2.52,2.69,2.29,3.1,3.14,2.72,2.23,2.37,3.71,2.3,2.36,2.15,2.31,2.17,2.43,2.94,2.71,2.82,2.66,2.92,0,0,0,0,0,0,0,0,0,0,0,0,0,0,0,0,0,0,0,0,0,0,0,0,NA,NA,NA,NA,NA,NA,NA,NA,NA,NA,NA,NA,NA,NA,NA,NA,NA,NA,NA,NA,NA,NA,NA,NA
179,QAT,Qatar,2445028,5,NA,20.4,20.09,22.7,19.6,22.17,18.94,19,19.54,22.63,22.08,24.17,26.67,28.2,26.35,28.05,26.19,27.49,27.14,28.02,31.78,29.44,30.97,27.61,30.05,1.51,1.48,1.73,1.43,1.68,1.37,1.37,1.42,1.73,1.67,1.88,2.12,2.27,2.09,2.26,2.08,2.2,2.17,2.26,2.62,2.4,2.55,2.22,2.45,NA,NA,NA,NA,NA,NA,NA,NA,NA,NA,NA,NA,NA,NA,NA,NA,NA,NA,NA,NA,NA,NA,NA,NA
180,COG,Republic of the Congo,5459096,5,NA,28.89,23.6,28.33,31.58,31.56,27.4,31.63,30.12,26.01,29.33,33.66,31.8,34.56,32.06,32.05,35.84,31.76,33.38,32.67,28.37,32.06,31.44,32.36,32.41,2.34,1.82,2.29,2.6,2.6,2.2,2.61,2.46,2.06,2.38,2.81,2.63,2.9,2.65,2.65,3.02,2.62,2.78,2.71,2.29,2.65,2.59,2.68,2.69,NA,NA,NA,NA,NA,NA,NA,NA,NA,NA,NA,NA,NA,NA,NA,NA,NA,NA,NA,NA,NA,NA,NA,NA
181,ROU,Romania,21230301,5,25,20.33,19.56,18.59,19.53,20.51,20.52,19.44,19.94,20.28,17.71,17.34,17.33,16.44,21,19.34,16.59,15.74,16.52,16.2,18.26,15.98,14.23,13.91,15.03,1.5,1.43,1.33,1.42,1.52,1.52,1.42,1.46,1.5,1.25,1.21,1.21,1.12,1.57,1.41,1.14,1.05,1.13,1.1,1.3,1.08,0.9,0.87,0.98,0,0,0,0,0,0,0,0,0,0,0,0,0,0,0,0,0,0,0,0,0,0,0,0
182,RUS,Russia,141131855,5,25,15.45,14.68,13.99,14.07,15.35,14.68,13.5,13.96,14.9,12.72,13.17,13.87,14.24,12.26,13.65,12.19,12.65,11.57,12.11,12.06,11.08,11.36,10.16,11.27,1.02,0.95,0.88,0.89,1.01,0.95,0.83,0.88,0.97,0.76,0.8,0.87,0.91,0.71,0.85,0.7,0.75,0.64,0.7,0.69,0.6,0.62,0.51,0.61,0,0,0,0,0,0,0,0,0,0,0,0,0,0,0,0,0,0,0,0,0,0,0,0
183,RWA,Rwanda,12934347,5,NA,29.07,21.84,33.36,38.14,34.39,27.95,35.64,35.28,30.35,39.49,37.8,34.73,36.59,38.37,37.59,38.38,34.2,35.8,35.06,30.75,30.59,34.95,34.2,32.36,2.36,1.65,2.78,3.25,2.88,2.25,3,2.97,2.48,3.38,3.21,2.91,3.1,3.27,3.19,3.27,2.86,3.02,2.95,2.52,2.51,2.94,2.86,2.68,NA,NA,NA,NA,NA,NA,NA,NA,NA,NA,NA,NA,NA,NA,NA,NA,NA,NA,NA,NA,NA,NA,NA,NA
184,REU,Réunion,844547,5,NA,2.82,2.53,2.65,2.87,2.7,2.81,3.08,3.51,3.04,3.2,3,2.95,3.4,3.45,3.2,3.27,2.81,3.07,3.34,3.24,3.4,3.48,2.61,2.97,0,0,0,0,0,0,0,0,0,0,0,0,0,0,0,0,0,0,0,0,0,0,0,0,NA,NA,NA,NA,NA,NA,NA,NA,NA,NA,NA,NA,NA,NA,NA,NA,NA,NA,NA,NA,NA,NA,NA,NA
185,SHN,"Saint Helena, Ascension and Tris",7530,5,NA,3.26,2.58,2.99,2.35,2.46,3.06,3.02,3.26,2.58,3.45,3.27,3,3.11,3.44,2.95,3.1,2.8,3.17,3.05,3.44,2.43,3.37,2.7,2.79,0,0,0,0,0,0,0,0,0,0,0,0,0,0,0,0,0,0,0,0,0,0,0,0,NA,NA,NA,NA,NA,NA,NA,NA,NA,NA,NA,NA,NA,NA,NA,NA,NA,NA,NA,NA,NA,NA,NA,NA
186,KNA,Saint Kitts and Nevis,50528,5,NA,3.11,3.84,3.52,3.72,2.95,3.43,3.26,4.44,4.12,3.48,3.37,3.86,5.09,3.49,4,2.87,2.95,3.24,3.46,3.35,3.12,3.06,2.79,3.12,0,0,0,0,0,0,0,0,0,0,0,0,0.01,0,0,0,0,0,0,0,0,0,0,0,NA,NA,NA,NA,NA,NA,NA,NA,NA,NA,NA,NA,NA,NA,NA,NA,NA,NA,NA,NA,NA,NA,NA,NA
187,LCA,Saint Lucia,160086,5,NA,2.43,3.26,2.54,3.04,2.32,2.72,2.64,3.18,2.83,2.56,2.75,3.07,3.87,2.85,2.84,2.33,2.17,2.27,2.63,2.69,2.33,2.36,2.23,2.42,0,0,0,0,0,0,0,0,0,0,0,0,0,0,0,0,0,0,0,0,0,0,0,0,NA,NA,NA,NA,NA,NA,NA,NA,NA,NA,NA,NA,NA,NA,NA,NA,NA,NA,NA,NA,NA,NA,NA,NA
188,SPM,Saint Pierre and Miquelon,5065,5,NA,4.48,4.57,4.1,3.83,3.97,4.12,3.43,3.56,3.82,3.13,3.43,3.6,3.61,3.84,3,4.46,4.13,4.06,3.22,4.04,3.15,3.16,4.02,3.85,0,0,0,0,0,0,0,0,0,0,0,0,0,0,0,0,0,0,0,0,0,0,0,0,NA,NA,NA,NA,NA,NA,NA,NA,NA,NA,NA,NA,NA,NA,NA,NA,NA,NA,NA,NA,NA,NA,NA,NA
189,VCT,Saint Vincent and the Grenadines,91461,5,NA,2.48,3.18,2.68,3.17,2.63,2.91,2.84,3.24,2.93,2.71,2.86,3.23,4.17,2.9,3.07,2.51,2.3,2.6,2.97,3.04,2.65,2.61,2.41,2.63,0,0,0,0,0,0,0,0,0,0,0,0,0,0,0,0,0,0,0,0,0,0,0,0,NA,NA,NA,NA,NA,NA,NA,NA,NA,NA,NA,NA,NA,NA,NA,NA,NA,NA,NA,NA,NA,NA,NA,NA
190,BLM,Saint-Barthélemy,6679,5,NA,2.77,3.7,3.13,3.27,2.42,2.78,2.61,3.58,3.21,2.77,2.64,2.98,4.57,2.81,3.43,2.37,2.36,2.55,2.84,2.7,2.35,2.26,2.22,2.42,0,0,0,0,0,0,0,0,0,0,0,0,0,0,0,0,0,0,0,0,0,0,0,0,NA,NA,NA,NA,NA,NA,NA,NA,NA,NA,NA,NA,NA,NA,NA,NA,NA,NA,NA,NA,NA,NA,NA,NA
191,MAF,Saint-Martin,30778,5,NA,2.58,3.44,2.85,3.07,2.31,2.63,2.49,3.4,3.06,2.64,2.41,2.59,4.13,2.46,3.1,2.14,2.16,2.38,2.66,2.53,2.14,2.08,2.08,2.25,0,0,0,0,0,0,0,0,0,0,0,0,0,0,0,0,0,0,0,0,0,0,0,0,NA,NA,NA,NA,NA,NA,NA,NA,NA,NA,NA,NA,NA,NA,NA,NA,NA,NA,NA,NA,NA,NA,NA,NA
192,WSM,Samoa,183008,5,NA,0.85,0.97,1.33,1.24,1.35,1.39,1.13,1.7,1.48,1.59,1.27,1.47,1.3,1.17,1.41,1.42,1.52,1.9,1.54,1.6,1.69,1.59,1.3,1.22,0,0,0,0,0,0,0,0,0,0,0,0,0,0,0,0,0,0,0,0,0,0,0,0,NA,NA,NA,NA,NA,NA,NA,NA,NA,NA,NA,NA,NA,NA,NA,NA,NA,NA,NA,NA,NA,NA,NA,NA
193,SMR,San Marino,34954,5,NA,15.44,14.55,15.69,14.98,16.21,16.58,13.92,16.24,19.59,15.83,12.53,13.17,14.06,15.47,13.94,13.18,9.82,14.18,10.81,12.15,10.68,9.88,11.12,10.95,1.02,0.94,1.05,0.98,1.1,1.13,0.87,1.1,1.43,1.06,0.74,0.8,0.89,1.03,0.88,0.8,0.47,0.9,0.57,0.7,0.56,0.48,0.6,0.58,NA,NA,NA,NA,NA,NA,NA,NA,NA,NA,NA,NA,NA,NA,NA,NA,NA,NA,NA,NA,NA,NA,NA,NA
194,SAU,Saudi Arabia,33434409,5,15,16.69,18.96,20.49,17.32,18.37,17.76,16.25,18.13,20.63,20.7,22.21,22.71,23.55,24.8,25.28,22.09,24.9,25.12,24.13,26.62,24.94,24.74,22.7,25.03,1.15,1.37,1.52,1.21,1.31,1.25,1.1,1.29,1.53,1.54,1.69,1.74,1.82,1.94,1.99,1.67,1.95,1.97,1.87,2.12,1.95,1.93,1.73,1.96,0.17,0.39,0.54,0.23,0.33,0.27,0.12,0.31,0.55,0.56,0.71,0.76,0.84,0.96,1.01,0.69,0.97,0.99,0.89,1.14,0.97,0.95,0.75,0.98
195,SEN,Senegal,15919888,5,NA,5.3,5.67,5.2,4.38,3.99,4.85,4.46,4.83,5.11,4.84,5.01,5.24,5.72,5.06,5.34,5.02,4.88,5.52,4.81,5.07,4.52,5.48,5.38,5.68,0.03,0.07,0.02,0,0,0,0,0,0.01,0,0,0.02,0.07,0.01,0.03,0,0,0.05,0,0.01,0,0.05,0.04,0.07,NA,NA,NA,NA,NA,NA,NA,NA,NA,NA,NA,NA,NA,NA,NA,NA,NA,NA,NA,NA,NA,NA,NA,NA
196,SRB,Serbia,7003880,5,25,23.84,22.8,19.96,21.95,22.16,23.72,22.29,23.8,24.19,20.98,20.74,21.82,19.16,27.63,25.14,21.55,20.22,22.82,21.61,22.26,21.5,18.98,19.52,20.21,1.85,1.74,1.47,1.66,1.68,1.83,1.69,1.84,1.88,1.57,1.54,1.65,1.39,2.22,1.97,1.62,1.49,1.75,1.63,1.69,1.62,1.37,1.42,1.49,0,0,0,0,0,0,0,0,0,0,0,0,0,0.26,0.01,0,0,0,0,0,0,0,0,0
197,SYC,Seychelles,84510,5,NA,3.7,4.02,4.23,3.59,3.95,4.79,4.36,4.27,5.1,5.21,4.16,5.65,4.8,5.57,5.08,4.97,5,4.41,5.97,5.92,5.24,6.1,4.01,4.95,0,0,0,0,0,0,0,0,0.01,0.02,0,0.06,0,0.06,0.01,0,0,0,0.1,0.09,0.02,0.11,0,0,NA,NA,NA,NA,NA,NA,NA,NA,NA,NA,NA,NA,NA,NA,NA,NA,NA,NA,NA,NA,NA,NA,NA,NA
198,SLE,Sierra Leone,6739524,5,NA,18.39,14.77,13.58,12.46,11.17,12.84,13.48,13.06,12.33,12.31,12.9,15.79,14.01,13.04,11.8,13.27,13.1,12.17,12.48,11.92,11.75,12.64,11.93,11.63,1.31,0.96,0.84,0.73,0.6,0.77,0.83,0.79,0.72,0.72,0.77,1.06,0.88,0.79,0.67,0.81,0.79,0.7,0.73,0.68,0.66,0.75,0.68,0.65,NA,NA,NA,NA,NA,NA,NA,NA,NA,NA,NA,NA,NA,NA,NA,NA,NA,NA,NA,NA,NA,NA,NA,NA
199,SGP,Singapore,5842829,5,NA,13.19,15.03,16.24,15.62,19.32,14.49,16.29,16.47,26.24,14.64,13.69,20.41,12.61,15.32,17.53,23.12,18.1,26.26,13.87,13.12,13.9,18.6,11.49,13.01,0.8,0.98,1.1,1.04,1.4,0.93,1.11,1.12,2.08,0.94,0.85,1.51,0.75,1.01,1.23,1.78,1.28,2.08,0.87,0.8,0.87,1.33,0.64,0.78,NA,NA,NA,NA,NA,NA,NA,NA,NA,NA,NA,NA,NA,NA,NA,NA,NA,NA,NA,NA,NA,NA,NA,NA
200,SXM,Sint Maarten,40679,5,NA,2.71,3.72,3.02,3.32,2.47,2.83,2.68,3.72,3.34,2.89,2.63,2.9,4.52,2.71,3.44,2.38,2.37,2.6,2.93,2.78,2.39,2.31,2.29,2.49,0,0,0,0,0,0,0,0,0,0,0,0,0,0,0,0,0,0,0,0,0,0,0,0,NA,NA,NA,NA,NA,NA,NA,NA,NA,NA,NA,NA,NA,NA,NA,NA,NA,NA,NA,NA,NA,NA,NA,NA
201,SVK,Slovakia,5439730,5,25,23.06,23,20.59,22.95,23.7,24.03,20.91,22.75,23.59,17.56,17.39,19.71,20.85,22.3,19.26,18.89,16.94,17.82,16.25,17.46,16.19,13.52,13.15,14.49,1.77,1.76,1.53,1.76,1.83,1.86,1.56,1.74,1.82,1.23,1.21,1.44,1.55,1.7,1.4,1.36,1.17,1.26,1.1,1.22,1.1,0.83,0.8,0.93,0,0,0,0,0,0,0,0,0,0,0,0,0,0,0,0,0,0,0,0,0,0,0,0
202,SVN,Slovenia,2067880,5,25,19.81,18.75,18.49,19.99,20.35,20.81,18.87,20.81,20.85,16.87,16.87,16.74,17.99,20.29,16.63,16.02,13.54,16.8,15.17,15.83,14.92,11.84,12.89,13.44,1.45,1.35,1.32,1.47,1.5,1.55,1.36,1.55,1.55,1.16,1.16,1.15,1.27,1.5,1.14,1.08,0.84,1.16,1,1.06,0.97,0.67,0.77,0.83,0,0,0,0,0,0,0,0,0,0,0,0,0,0,0,0,0,0,0,0,0,0,0,0
203,SLB,Solomon Islands,549101,5,NA,2.81,2.42,3.84,4.4,4.82,4.39,5.35,4.59,5.89,6.65,4.89,6.71,6.3,6.05,6.49,8.27,8,7.53,7.26,8.12,7.29,7.11,6.28,5.79,0,0,0,0,0,0,0.03,0,0.09,0.16,0,0.17,0.13,0.1,0.15,0.32,0.29,0.25,0.22,0.31,0.22,0.21,0.13,0.08,NA,NA,NA,NA,NA,NA,NA,NA,NA,NA,NA,NA,NA,NA,NA,NA,NA,NA,NA,NA,NA,NA,NA,NA
204,SOM,Somalia,12035043,5,NA,6.05,8.14,8.27,7.59,8.26,8.58,9.29,8.24,9.41,9.63,8.18,9.56,9.47,10.18,9.1,8.35,8.69,8.97,8.83,8.71,9.5,9.22,7.66,9.16,0.1,0.31,0.32,0.25,0.32,0.35,0.42,0.32,0.43,0.45,0.31,0.45,0.44,0.51,0.4,0.33,0.36,0.39,0.38,0.36,0.44,0.41,0.26,0.41,NA,NA,NA,NA,NA,NA,NA,NA,NA,NA,NA,NA,NA,NA,NA,NA,NA,NA,NA,NA,NA,NA,NA,NA
205,ZAF,South Africa,56955067,5,20,23.31,22.78,22.72,22.93,22.56,22.19,23.24,24.02,23.41,23.29,23.87,23.07,26.37,23.08,23.09,21.89,21.01,22.32,20.85,22.05,21.96,21.61,21,21.06,1.79,1.74,1.74,1.76,1.72,1.68,1.79,1.86,1.8,1.79,1.85,1.77,2.09,1.77,1.77,1.66,1.57,1.7,1.55,1.67,1.66,1.63,1.57,1.57,0.32,0.27,0.27,0.29,0.25,0.21,0.32,0.39,0.33,0.32,0.38,0.3,0.62,0.3,0.3,0.19,0.1,0.23,0.08,0.2,0.19,0.16,0.1,0.1
206,SGS,South Georgia and the South Sand,NA,5,NA,NA,NA,NA,NA,NA,NA,NA,NA,NA,NA,NA,NA,NA,NA,NA,NA,NA,NA,NA,NA,NA,NA,NA,NA,NA,NA,NA,NA,NA,NA,NA,NA,NA,NA,NA,NA,NA,NA,NA,NA,NA,NA,NA,NA,NA,NA,NA,NA,NA,NA,NA,NA,NA,NA,NA,NA,NA,NA,NA,NA,NA,NA,NA,NA,NA,NA,NA,NA,NA,NA,NA,NA
207,KOR,South Korea,51427386,5,15,18.67,19.05,22.28,21.25,19.38,26.45,21.87,22.43,24,24.02,23.73,22.98,21.19,21.83,22.25,23.64,24.11,23.29,22.82,20.99,20.88,21.68,20.49,20.36,1.34,1.38,1.69,1.59,1.41,2.1,1.65,1.71,1.86,1.86,1.84,1.76,1.59,1.65,1.69,1.83,1.87,1.79,1.75,1.57,1.56,1.63,1.52,1.51,0.36,0.4,0.71,0.61,0.43,1.12,0.67,0.73,0.88,0.88,0.86,0.78,0.61,0.67,0.71,0.85,0.89,0.81,0.77,0.59,0.58,0.65,0.54,0.53
208,SSD,South Sudan,11007070,5,NA,17.32,14.15,14.51,14.57,14.12,14.2,13.85,15.7,14.61,16.63,14.81,15.31,16.12,17.68,15.65,15.86,16.01,14.91,15.72,15.52,14.54,15.69,15.35,16.04,1.21,0.9,0.93,0.94,0.89,0.9,0.87,1.05,0.94,1.14,0.96,1.01,1.09,1.24,1.04,1.06,1.08,0.97,1.05,1.03,0.93,1.05,1.01,1.08,NA,NA,NA,NA,NA,NA,NA,NA,NA,NA,NA,NA,NA,NA,NA,NA,NA,NA,NA,NA,NA,NA,NA,NA
209,ESP,Spain,46687904,5,25,9.16,8.95,9.48,9.7,9.99,9.74,9.53,10.16,9.88,10.35,8.35,9,7.93,8.76,8.24,7.99,7,7.88,7.13,7.14,7.54,7.08,6.98,7.54,0.41,0.39,0.44,0.46,0.49,0.46,0.44,0.51,0.48,0.52,0.33,0.39,0.29,0.37,0.32,0.29,0.2,0.28,0.21,0.21,0.25,0.2,0.19,0.25,0,0,0,0,0,0,0,0,0,0,0,0,0,0,0,0,0,0,0,0,0,0,0,0
210,XSP,Spratly Islands,111,5,NA,0,0,0,0,0,0,0,0,0,0,0,0,0,0,0,0,0,0,0,0,0,0,0,0,0,0,0,0,0,0,0,0,0,0,0,0,0,0,0,0,0,0,0,0,0,0,0,0,NA,NA,NA,NA,NA,NA,NA,NA,NA,NA,NA,NA,NA,NA,NA,NA,NA,NA,NA,NA,NA,NA,NA,NA
211,LKA,Sri Lanka,22831388,5,15,12.09,13.5,15.74,18.19,17.75,19.43,18.4,20.33,19.61,20.63,20.79,21.55,22.6,23.62,21.95,22.93,22.36,21.26,20.53,20.34,21.12,19.54,19.27,18.79,0.69,0.83,1.05,1.29,1.25,1.41,1.31,1.5,1.43,1.53,1.55,1.62,1.72,1.82,1.66,1.76,1.7,1.59,1.52,1.5,1.58,1.42,1.4,1.35,0,0,0.07,0.31,0.27,0.43,0.33,0.52,0.45,0.55,0.57,0.64,0.74,0.84,0.68,0.78,0.72,0.61,0.54,0.52,0.6,0.44,0.42,0.37
212,SDN,Sudan,46712136,5,NA,10.02,9.99,9.1,8.22,9.04,8.66,8.47,9.12,9.94,9.64,9.71,8.92,10.28,9.95,9.55,8.49,9.47,9.03,9.57,10.91,9.88,9.77,9.72,11.37,0.49,0.49,0.4,0.32,0.4,0.36,0.34,0.4,0.48,0.45,0.46,0.38,0.52,0.49,0.45,0.34,0.44,0.39,0.45,0.58,0.48,0.47,0.46,0.62,NA,NA,NA,NA,NA,NA,NA,NA,NA,NA,NA,NA,NA,NA,NA,NA,NA,NA,NA,NA,NA,NA,NA,NA
213,SUR,Suriname,633124,5,NA,4.94,5.59,5.33,7.62,6.54,7.38,7.42,7.63,7.39,6.74,7.97,7.55,7.34,6.75,6.79,6.13,5.87,5.94,6.26,5.99,5.97,5.99,5.75,6.43,0,0.06,0.03,0.26,0.15,0.23,0.24,0.26,0.23,0.17,0.29,0.25,0.23,0.17,0.18,0.11,0.09,0.09,0.12,0.1,0.1,0.1,0.07,0.14,NA,NA,NA,NA,NA,NA,NA,NA,NA,NA,NA,NA,NA,NA,NA,NA,NA,NA,NA,NA,NA,NA,NA,NA
214,SJM,Svalbard and Jan Mayen,NA,5,NA,NA,NA,NA,NA,NA,NA,NA,NA,NA,NA,NA,NA,NA,NA,NA,NA,NA,NA,NA,NA,NA,NA,NA,NA,NA,NA,NA,NA,NA,NA,NA,NA,NA,NA,NA,NA,NA,NA,NA,NA,NA,NA,NA,NA,NA,NA,NA,NA,NA,NA,NA,NA,NA,NA,NA,NA,NA,NA,NA,NA,NA,NA,NA,NA,NA,NA,NA,NA,NA,NA,NA,NA
215,SWZ,Swaziland,1118655,5,NA,22.82,18.35,18.71,17.77,16.71,15.42,17.5,18.46,16.13,17.8,16.65,16.62,18.98,16.1,17.48,15.95,15.39,16.08,13.94,14.71,15.36,16.42,13.77,15.9,1.75,1.31,1.34,1.25,1.15,1.02,1.23,1.32,1.09,1.25,1.14,1.14,1.37,1.09,1.22,1.07,1.02,1.09,0.88,0.95,1.02,1.12,0.86,1.07,NA,NA,NA,NA,NA,NA,NA,NA,NA,NA,NA,NA,NA,NA,NA,NA,NA,NA,NA,NA,NA,NA,NA,NA
216,SWE,Sweden,10108500,5,25,7.87,8.13,7.74,7.17,7.55,7.93,7.14,7.39,8.08,6.73,6.91,6.77,7.04,7.25,6.05,5.67,7.07,5.65,5.46,5.17,5.92,5.38,4.75,5.54,0.28,0.31,0.27,0.21,0.25,0.29,0.21,0.23,0.3,0.17,0.19,0.17,0.2,0.22,0.1,0.07,0.2,0.06,0.05,0.02,0.09,0.04,0,0.05,0,0,0,0,0,0,0,0,0,0,0,0,0,0,0,0,0,0,0,0,0,0,0,0
217,CHE,Switzerland,8461443,5,10,13.51,13.98,13.09,13.87,14.19,15.63,12.18,13.19,13.08,11.71,12.01,13.51,14.12,13.9,11.61,12.52,9.6,10.96,9.99,9.8,9.92,8.29,8.42,9.36,0.83,0.88,0.79,0.87,0.9,1.04,0.7,0.8,0.79,0.66,0.69,0.83,0.89,0.87,0.65,0.74,0.45,0.58,0.49,0.47,0.48,0.32,0.34,0.43,0.34,0.39,0.3,0.38,0.41,0.55,0.21,0.31,0.3,0.17,0.2,0.34,0.4,0.38,0.16,0.25,0,0.09,0,0,0,0,0,0
218,SYR,Syria,20154763,5,NA,17.07,19.11,20.21,18.74,16.83,17.39,16.08,18.21,17.15,17.96,17,20.23,17.75,21.01,23.01,20.91,19.75,20.62,18.39,20.08,20.03,19.03,19.76,19.68,1.18,1.38,1.49,1.35,1.16,1.21,1.09,1.29,1.19,1.27,1.18,1.49,1.25,1.57,1.76,1.56,1.45,1.53,1.31,1.48,1.47,1.37,1.45,1.44,NA,NA,NA,NA,NA,NA,NA,NA,NA,NA,NA,NA,NA,NA,NA,NA,NA,NA,NA,NA,NA,NA,NA,NA
219,STP,São Tomé and Príncipe,198918,5,NA,11.98,8.57,15.31,12.9,12.22,11.33,12.28,10.6,9.65,11.75,12.44,10.9,11.44,11.89,12.75,12.71,9.5,13.4,12.14,10.33,10.96,10.81,11.05,11.1,0.68,0.35,1.01,0.77,0.71,0.62,0.71,0.55,0.46,0.66,0.73,0.58,0.63,0.68,0.76,0.76,0.44,0.82,0.7,0.52,0.58,0.57,0.59,0.6,NA,NA,NA,NA,NA,NA,NA,NA,NA,NA,NA,NA,NA,NA,NA,NA,NA,NA,NA,NA,NA,NA,NA,NA
220,TWN,Taiwan,23471731,5,NA,17.74,16.69,21.85,22.35,22.23,22.66,24,23.98,24.72,25.13,23.41,23.68,23.64,23.13,21.69,21.55,22.69,21.77,19.43,19.24,17.57,16.54,14.94,16.16,1.25,1.15,1.65,1.7,1.69,1.73,1.86,1.86,1.93,1.97,1.8,1.83,1.83,1.78,1.64,1.62,1.73,1.64,1.41,1.4,1.23,1.13,0.97,1.09,NA,NA,NA,NA,NA,NA,NA,NA,NA,NA,NA,NA,NA,NA,NA,NA,NA,NA,NA,NA,NA,NA,NA,NA
221,TJK,Tajikistan,8977811,5,NA,12.28,11.08,12.06,12.87,12.64,14.04,12.66,14.33,13.69,14.87,14.35,16.17,15.46,18.25,17.21,14.93,15.26,16.09,16.24,17.27,14.16,16.67,18.9,16.69,0.71,0.6,0.69,0.77,0.75,0.89,0.75,0.91,0.85,0.97,0.92,1.09,1.03,1.3,1.2,0.97,1.01,1.09,1.1,1.2,0.9,1.14,1.36,1.15,NA,NA,NA,NA,NA,NA,NA,NA,NA,NA,NA,NA,NA,NA,NA,NA,NA,NA,NA,NA,NA,NA,NA,NA
222,TZA,Tanzania,61738595,5,NA,13.58,11.24,14.07,20.91,16.33,17.43,18.15,19.46,17.08,22.13,19.41,18.69,19.57,20.04,20.33,19.9,17.67,18.38,17.47,15.38,16.79,18.38,17.76,16.38,0.84,0.61,0.89,1.56,1.11,1.22,1.29,1.42,1.18,1.68,1.41,1.34,1.43,1.47,1.5,1.46,1.24,1.31,1.22,1.02,1.16,1.31,1.25,1.12,NA,NA,NA,NA,NA,NA,NA,NA,NA,NA,NA,NA,NA,NA,NA,NA,NA,NA,NA,NA,NA,NA,NA,NA
223,THA,Thailand,69322864,5,15,20.34,18.06,20.01,20.28,21.49,22.06,24.42,24.59,23.39,26.17,24.37,23.52,24.21,25.08,23.69,25.48,23.99,21.81,23.79,21.48,21.98,22.01,24.31,23.19,1.5,1.28,1.47,1.5,1.62,1.67,1.9,1.92,1.8,2.07,1.9,1.81,1.88,1.97,1.83,2.01,1.86,1.65,1.84,1.62,1.66,1.67,1.89,1.78,0.52,0.3,0.49,0.52,0.64,0.69,0.92,0.94,0.82,1.09,0.92,0.83,0.9,0.99,0.85,1.03,0.88,0.67,0.86,0.64,0.68,0.69,0.91,0.8
224,TLS,Timor-Leste,1393234,5,NA,7.65,9.22,9.21,10.36,9.71,9.03,10.65,9.6,9.73,11.43,10.81,11.66,10.23,14.42,13.78,10.25,11.39,11.06,10.1,11.23,11.21,10.74,9.06,10.53,0.26,0.41,0.41,0.53,0.46,0.39,0.55,0.45,0.46,0.63,0.57,0.65,0.51,0.92,0.86,0.51,0.63,0.59,0.5,0.61,0.61,0.56,0.4,0.54,NA,NA,NA,NA,NA,NA,NA,NA,NA,NA,NA,NA,NA,NA,NA,NA,NA,NA,NA,NA,NA,NA,NA,NA
225,TGO,Togo,8279448,5,NA,14.47,14.36,16.57,16.53,15.57,16.75,17.37,17.77,16.51,17.16,17.83,17.23,16.91,16.34,14.71,14.02,14.18,14.74,15.71,16,15.25,15.12,15.18,15.4,0.93,0.92,1.13,1.13,1.04,1.15,1.21,1.25,1.13,1.19,1.26,1.2,1.17,1.11,0.95,0.88,0.9,0.95,1.05,1.08,1,0.99,1,1.02,NA,NA,NA,NA,NA,NA,NA,NA,NA,NA,NA,NA,NA,NA,NA,NA,NA,NA,NA,NA,NA,NA,NA,NA
226,TKL,Tokelau,508,5,NA,1.17,1.32,1.58,1.77,2.03,2.07,1.5,2.03,1.95,1.87,1.42,1.62,1.57,1.22,1.6,1.7,1.86,1.83,1.92,1.56,1.7,1.8,1.8,1.35,0,0,0,0,0,0,0,0,0,0,0,0,0,0,0,0,0,0,0,0,0,0,0,0,NA,NA,NA,NA,NA,NA,NA,NA,NA,NA,NA,NA,NA,NA,NA,NA,NA,NA,NA,NA,NA,NA,NA,NA
227,TON,Tonga,97326,5,NA,0.98,1.39,1.71,1.4,1.49,1.31,1.77,1.63,1.61,1.38,2.69,1.6,1.47,1.54,1.49,1.68,1.47,1.47,1.49,1.85,1.78,1.67,1.56,1.77,0,0,0,0,0,0,0,0,0,0,0,0,0,0,0,0,0,0,0,0,0,0,0,0,NA,NA,NA,NA,NA,NA,NA,NA,NA,NA,NA,NA,NA,NA,NA,NA,NA,NA,NA,NA,NA,NA,NA,NA
228,TTO,Trinidad and Tobago,1209270,5,15,3.56,4.51,3.45,4.77,3.8,4.42,4.28,4.8,4.73,4.35,4.74,4.43,6.46,4.6,4.58,4.38,3.75,3.81,4.78,4.68,3.99,4.62,4.22,3.95,0,0,0,0,0,0,0,0,0,0,0,0,0.14,0,0,0,0,0,0,0,0,0,0,0,0,0,0,0,0,0,0,0,0,0,0,0,0,0,0,0,0,0,0,0,0,0,0,0
229,TUN,Tunisia,11718498,5,NA,11.59,9.62,11.36,10.06,9.51,12.26,8.04,11.29,10.58,9.19,8.84,9.37,6.97,11.1,9.69,9.48,7.3,11.15,8.1,10.1,8.69,8.74,8.98,8.62,0.65,0.45,0.62,0.5,0.44,0.71,0.3,0.62,0.55,0.41,0.38,0.43,0.19,0.6,0.46,0.44,0.23,0.6,0.3,0.5,0.36,0.37,0.39,0.35,NA,NA,NA,NA,NA,NA,NA,NA,NA,NA,NA,NA,NA,NA,NA,NA,NA,NA,NA,NA,NA,NA,NA,NA
230,TUR,Turkey,81848204,5,NA,19.57,19.02,20.81,19.86,20.3,19.85,17.59,18.89,20.2,20.06,18.06,20.52,17.5,22.89,24.43,22.45,22.85,23.57,21.21,23.13,21.67,20.94,21.48,21.78,1.43,1.37,1.55,1.46,1.5,1.46,1.23,1.36,1.49,1.48,1.28,1.52,1.23,1.75,1.9,1.71,1.75,1.82,1.59,1.78,1.63,1.56,1.62,1.64,NA,NA,NA,NA,NA,NA,NA,NA,NA,NA,NA,NA,NA,NA,NA,NA,NA,NA,NA,NA,NA,NA,NA,NA
231,TKM,Turkmenistan,5554973,5,NA,10.42,8.8,8.03,8.03,8.49,8.29,8.12,9.43,9.22,8.81,11.5,8.85,9.48,11.49,12.27,8.33,9.42,8.79,8.68,9.93,8.99,9.95,10.09,10.37,0.53,0.37,0.3,0.3,0.34,0.32,0.31,0.43,0.41,0.37,0.64,0.38,0.44,0.64,0.71,0.33,0.43,0.37,0.36,0.48,0.39,0.49,0.5,0.53,NA,NA,NA,NA,NA,NA,NA,NA,NA,NA,NA,NA,NA,NA,NA,NA,NA,NA,NA,NA,NA,NA,NA,NA
232,TCA,Turks and Caicos Islands,52365,5,NA,4.8,4.63,3.67,3.72,3.15,3.02,3.22,4.04,3.54,3.51,2.4,2.48,3.43,2.74,2.77,2.35,2.45,2.56,2.6,2.86,2.61,2.91,2.55,3.37,0,0,0,0,0,0,0,0,0,0,0,0,0,0,0,0,0,0,0,0,0,0,0,0,NA,NA,NA,NA,NA,NA,NA,NA,NA,NA,NA,NA,NA,NA,NA,NA,NA,NA,NA,NA,NA,NA,NA,NA
233,TUV,Tuvalu,5975,5,NA,1.13,1.06,1.27,1.39,1.8,1.88,1.48,1.74,1.6,1.82,1.31,1.7,1.52,1.15,1.56,1.76,2.1,2.07,1.97,1.47,1.7,2,1.67,1.32,0,0,0,0,0,0,0,0,0,0,0,0,0,0,0,0,0,0,0,0,0,0,0,0,NA,NA,NA,NA,NA,NA,NA,NA,NA,NA,NA,NA,NA,NA,NA,NA,NA,NA,NA,NA,NA,NA,NA,NA
234,UGA,Uganda,44567430,5,NA,22.69,16.91,25.54,31.62,27.85,25.92,28.14,28.73,26.25,31.91,28.86,27.12,29.76,31.34,30.15,31.63,27.73,28.47,27.67,24.33,25.22,28.03,28.75,26.69,1.73,1.17,2.01,2.61,2.24,2.05,2.27,2.33,2.08,2.64,2.34,2.17,2.43,2.58,2.46,2.61,2.23,2.3,2.22,1.89,1.98,2.26,2.33,2.13,NA,NA,NA,NA,NA,NA,NA,NA,NA,NA,NA,NA,NA,NA,NA,NA,NA,NA,NA,NA,NA,NA,NA,NA
235,UKR,Ukraine,43666672,5,25,19.5,19.11,18.06,19.17,20.57,18.27,17.65,18.29,19.1,16.44,16.69,18.02,16.49,18.31,17.68,17.36,16.59,16.21,15.88,16.85,15.05,14.94,13.74,14.58,1.42,1.38,1.28,1.39,1.53,1.3,1.24,1.3,1.38,1.12,1.15,1.28,1.13,1.3,1.24,1.21,1.14,1.1,1.07,1.16,0.98,0.97,0.86,0.94,0,0,0,0,0,0,0,0,0,0,0,0,0,0,0,0,0,0,0,0,0,0,0,0
236,ARE,United Arab Emirates,9784395,5,NA,14.68,13.58,17.02,14.98,16.08,13.43,12.77,13.94,17.79,15.62,18.22,18.9,18.29,18.03,20.64,18.58,18.18,17.08,18.37,17.69,17.95,18.45,15.24,16.81,0.95,0.84,1.18,0.98,1.09,0.83,0.76,0.88,1.25,1.04,1.3,1.36,1.3,1.28,1.53,1.33,1.29,1.18,1.31,1.24,1.27,1.32,1,1.16,NA,NA,NA,NA,NA,NA,NA,NA,NA,NA,NA,NA,NA,NA,NA,NA,NA,NA,NA,NA,NA,NA,NA,NA
237,GBR,United Kingdom,65812705,5,25,12.04,10.71,10.66,11.24,11.09,12.64,10.04,10.26,10.39,10.29,9.9,10.19,11.34,11.44,9.88,11.05,10.55,8.89,9.46,8.99,9.36,8.81,7.86,8.65,0.69,0.56,0.55,0.61,0.6,0.75,0.49,0.52,0.53,0.52,0.48,0.51,0.62,0.63,0.48,0.59,0.54,0.38,0.44,0.39,0.43,0.37,0.28,0.36,0,0,0,0,0,0,0,0,0,0,0,0,0,0,0,0,0,0,0,0,0,0,0,0
238,USA,United States,330656400,5,12,12.51,12.28,12.19,11.87,11.59,11.27,10.87,11.75,10.49,10.81,9.83,8.9,8.87,8.97,8.24,8.04,7.97,7.62,6.99,7.27,7.33,6.87,7.31,7.84,0.74,0.71,0.7,0.67,0.65,0.61,0.58,0.66,0.54,0.57,0.47,0.38,0.38,0.39,0.32,0.3,0.29,0.26,0.2,0.22,0.23,0.18,0.23,0.28,0.05,0.03,0.02,0,0,0,0,0,0,0,0,0,0,0,0,0,0,0,0,0,0,0,0,0
239,UMI,United States Minor Outlying Islands,40,5,NA,2.6,2.32,2.6,2.34,2.81,2.71,2.84,3.42,2.74,2.58,3.59,3.22,3.28,2.97,2.83,3.89,4.46,3.95,3.68,3.76,3.5,3.37,3.32,2.96,0,0,0,0,0,0,0,0,0,0,0,0,0,0,0,0,0,0,0,0,0,0,0,0,NA,NA,NA,NA,NA,NA,NA,NA,NA,NA,NA,NA,NA,NA,NA,NA,NA,NA,NA,NA,NA,NA,NA,NA
240,URY,Uruguay,3380971,5,NA,7.95,8.29,8.77,8.96,9.22,9.09,8.32,8.19,9.2,9.15,9.12,8.4,7.85,8.3,9.23,8.91,9.61,8.27,8.38,8.71,8.27,8.44,8.68,8.41,0.29,0.32,0.37,0.39,0.41,0.4,0.33,0.31,0.41,0.41,0.4,0.33,0.28,0.32,0.41,0.38,0.45,0.32,0.33,0.36,0.32,0.34,0.36,0.33,NA,NA,NA,NA,NA,NA,NA,NA,NA,NA,NA,NA,NA,NA,NA,NA,NA,NA,NA,NA,NA,NA,NA,NA
241,UZB,Uzbekistan,30988328,5,NA,16.92,14.05,16.17,15.84,16.48,17.52,16.63,18.16,16.68,18.78,18.77,20.69,19.21,22.44,22.82,19.32,18.36,19.16,19.2,20.67,18.43,20.18,21.76,20.04,1.17,0.89,1.09,1.06,1.13,1.23,1.14,1.29,1.14,1.35,1.35,1.54,1.39,1.71,1.75,1.4,1.31,1.39,1.39,1.54,1.32,1.49,1.64,1.47,NA,NA,NA,NA,NA,NA,NA,NA,NA,NA,NA,NA,NA,NA,NA,NA,NA,NA,NA,NA,NA,NA,NA,NA
242,VUT,Vanuatu,265705,5,NA,2.89,3.34,4.58,4.76,3.95,4.15,3.99,4.15,3.69,4.58,4.99,4.56,5.15,5.38,5.22,5.8,5.44,5.09,5.1,5.91,5.69,4.86,3.99,4.39,0,0,0,0,0,0,0,0,0,0,0,0,0.01,0.04,0.02,0.08,0.04,0.01,0.01,0.09,0.07,0,0,0,NA,NA,NA,NA,NA,NA,NA,NA,NA,NA,NA,NA,NA,NA,NA,NA,NA,NA,NA,NA,NA,NA,NA,NA
243,VAT,Vatican City,1000,5,NA,17.79,17.29,17.77,15.87,16.77,18.44,14.56,17.06,18.88,16.89,14.29,13.89,13.57,17.37,15.58,14.77,10.58,15.07,11.95,13.35,10.74,10.34,12.22,11.34,1.25,1.2,1.25,1.07,1.15,1.32,0.94,1.18,1.36,1.17,0.91,0.87,0.84,1.21,1.04,0.96,0.55,0.99,0.68,0.82,0.56,0.52,0.71,0.62,NA,NA,NA,NA,NA,NA,NA,NA,NA,NA,NA,NA,NA,NA,NA,NA,NA,NA,NA,NA,NA,NA,NA,NA
244,VEN,Venezuela,28877978,5,NA,8.21,8.61,10.13,13.68,12.02,15.37,13.23,14.61,13.68,12.87,13.58,12.28,17.02,14.98,14.01,13.07,12.25,12.7,14.97,14.5,12.72,13.62,12.41,10.82,0.31,0.35,0.5,0.85,0.69,1.02,0.81,0.94,0.85,0.77,0.84,0.71,1.18,0.98,0.88,0.79,0.71,0.75,0.98,0.93,0.76,0.84,0.73,0.57,NA,NA,NA,NA,NA,NA,NA,NA,NA,NA,NA,NA,NA,NA,NA,NA,NA,NA,NA,NA,NA,NA,NA,NA
245,VNM,Vietnam,102577688,5,25,19.47,18.36,21.11,23.86,23.04,24.94,28.13,28.4,29.41,31.11,31.5,29.37,29.79,31.16,29.77,30.59,29.28,26.67,27.11,27.02,24.59,26.12,25.42,25.8,1.42,1.31,1.58,1.85,1.77,1.95,2.27,2.29,2.39,2.56,2.6,2.39,2.43,2.56,2.43,2.51,2.38,2.12,2.17,2.16,1.92,2.07,2,2.04,0,0,0,0,0,0,0.31,0.33,0.43,0.6,0.64,0.43,0.47,0.6,0.47,0.55,0.42,0.16,0.21,0.2,0,0.11,0.04,0.08
246,VIR,"Virgin Islands, U.S.",99181,5,NA,2.04,2.67,2.08,2.15,1.73,2.09,1.65,2.37,2.48,2.25,1.71,1.97,3.15,1.86,2.07,1.74,1.89,1.86,2.01,2.42,2.03,2.1,2.1,2.25,0,0,0,0,0,0,0,0,0,0,0,0,0,0,0,0,0,0,0,0,0,0,0,0,NA,NA,NA,NA,NA,NA,NA,NA,NA,NA,NA,NA,NA,NA,NA,NA,NA,NA,NA,NA,NA,NA,NA,NA
247,WLF,Wallis and Futuna,13226,5,NA,0.98,1.16,1.47,1.3,1.42,1.46,1.36,1.69,1.47,1.55,1.47,1.6,1.46,1.35,1.66,1.53,1.59,1.93,1.58,1.67,1.61,1.59,1.52,1.34,0,0,0,0,0,0,0,0,0,0,0,0,0,0,0,0,0,0,0,0,0,0,0,0,NA,NA,NA,NA,NA,NA,NA,NA,NA,NA,NA,NA,NA,NA,NA,NA,NA,NA,NA,NA,NA,NA,NA,NA
248,ESH,Western Sahara,646462,5,NA,5.15,6.73,5.1,5.12,5.21,4.71,4.27,4.67,4.4,4.93,3.81,3.79,3.41,3.6,3.1,3.64,4.41,3.34,3.81,3.67,5.53,4.6,3.78,4.84,0.01,0.17,0.01,0.01,0.02,0,0,0,0,0,0,0,0,0,0,0,0,0,0,0,0.05,0,0,0,NA,NA,NA,NA,NA,NA,NA,NA,NA,NA,NA,NA,NA,NA,NA,NA,NA,NA,NA,NA,NA,NA,NA,NA
249,YEM,Yemen,30314666,5,NA,11.61,13.6,13.95,11.74,13.43,13.04,12.58,12.83,14.66,15.06,14.2,14.32,16.47,18.09,15.44,15.11,15.83,16.15,15.04,15.49,16.73,16.46,14.15,14.75,0.65,0.84,0.88,0.66,0.83,0.79,0.74,0.77,0.95,0.99,0.9,0.91,1.12,1.28,1.02,0.99,1.06,1.09,0.98,1.03,1.15,1.12,0.9,0.96,NA,NA,NA,NA,NA,NA,NA,NA,NA,NA,NA,NA,NA,NA,NA,NA,NA,NA,NA,NA,NA,NA,NA,NA
250,ZMB,Zambia,19089070,5,NA,16.16,13.84,16.91,24.61,22.21,21.67,19.86,22.26,20.14,23.33,22.61,21.74,23.58,20.68,21.84,20.61,20.01,21.97,20.27,19.4,19.84,20.47,18.04,18.5,1.09,0.87,1.17,1.92,1.69,1.63,1.46,1.69,1.48,1.8,1.73,1.64,1.82,1.54,1.65,1.53,1.47,1.66,1.5,1.41,1.45,1.52,1.28,1.32,NA,NA,NA,NA,NA,NA,NA,NA,NA,NA,NA,NA,NA,NA,NA,NA,NA,NA,NA,NA,NA,NA,NA,NA
251,ZWE,Zimbabwe,14804978,5,NA,17.08,13.76,13.88,21.2,16.99,18.37,16.08,18.51,16.72,19.27,18.35,16.63,19.63,15.47,17.25,15.85,15.07,17.37,15.48,15.17,16.64,15.91,12.26,14.36,1.18,0.86,0.87,1.59,1.18,1.31,1.09,1.32,1.15,1.4,1.31,1.14,1.43,1.03,1.2,1.06,0.99,1.21,1.03,1,1.14,1.07,0.71,0.92,NA,NA,NA,NA,NA,NA,NA,NA,NA,NA,NA,NA,NA,NA,NA,NA,NA,NA,NA,NA,NA,NA,NA,NA
252,ALA,Åland,27514,5,NA,6.74,7.07,5.94,5.37,5.87,5.92,6.12,6.43,7.28,5.69,5.97,5.63,6.04,5.19,4.76,4.8,6.17,4.25,4.16,3.59,4.67,4.34,4.18,4.83,0.17,0.2,0.09,0.04,0.09,0.09,0.11,0.14,0.22,0.07,0.1,0.06,0.1,0.02,0,0,0.11,0,0,0,0,0,0,0,NA,NA,NA,NA,NA,NA,NA,NA,NA,NA,NA,NA,NA,NA,NA,NA,NA,NA,NA,NA,NA,NA,NA,NA
